Workbook
Name Annual_Budget: Settings!$B$21
Name Calorie_Target: Settings!$B$26
Name Carb_Target: Settings!$B$28
Name Category_List: OFFSET('Lists'!$C$5,0,0,MAX(1,COUNTIF('Lists'!$C$5:$C$44,"?*")),1)
Name Cuisine_List: OFFSET('Lists'!$D$5,0,0,MAX(1,COUNTIF('Lists'!$D$5:$D$44,"?*")),1)
Name Currency_Code: Settings!$B$14
Name Currency_Symbol: Settings!$B$13
Name Default_Servings: Settings!$B$10
Name Diet_List: OFFSET('Lists'!$G$5,0,0,MAX(1,COUNTIF('Lists'!$G$5:$G$44,"?*")),1)
Name Eating_Out_Budget: Settings!$B$22
Name Expiry_Warning_Days: Settings!$B$36
Name Fat_Target: Settings!$B$29
Name Fibre_Target: Settings!$B$30
Name Freezer_Review_Days: Settings!$B$38
Name Grocery_Items: OFFSET('Grocery List'!$A$5,0,0,MAX(1,COUNTIF('Grocery List'!$A$5:$A$304,"?*")),1)
Name Home_Cooked_Target: Settings!$B$44
Name Household_Name: Settings!$B$6
Name Household_Size: Settings!$B$7
Name Ingredient_Names: OFFSET('Ingredients'!$A$5,0,0,MAX(1,COUNTIF('Ingredients'!$A$5:$A$304,"?*")),1)
Name Leftover_Items: OFFSET('Leftovers'!$B$5,0,0,MAX(1,COUNTIF('Leftovers'!$B$5:$B$124,"?*")),1)
Name Leftover_Safe_Days: Settings!$B$37
Name Low_Stock_Days: Settings!$B$39
Name Meal_Slots: OFFSET('Lists'!$A$5,0,0,MAX(1,COUNTIF('Lists'!$A$5:$A$44,"?*")),1)
Name Measurement_System: Settings!$B$12
Name Monthly_Budget: Settings!$B$20
Name New_Recipe_Target: Settings!$B$45
Name Packed_Lunch_Target: Settings!$B$47
Name Pantry_Items: OFFSET('Pantry'!$A$5,0,0,MAX(1,COUNTIF('Pantry'!$A$5:$A$304,"?*")),1)
Name Plan_Cook: Settings!$B$8
Name Plan_Month: Dashboard!$F$6
Name Plan_Week: Dashboard!$C$6
Name Plan_Year: Settings!$B$9
Name Prep_Day: Settings!$B$16
Name Prep_Reminder_Days: Settings!$B$40
Name Print_List_Store: 'Print Shopping'!$B$3
Name Print_Recipe_Title: 'Print Recipe'!$B$3
Name Print_Week_Start: 'Print Week'!$B$3
Name Protein_Target: Settings!$B$27
Name Recipe_Category_List: OFFSET('Lists'!$J$5,0,0,MAX(1,COUNTIF('Lists'!$J$5:$J$44,"?*")),1)
Name Recipe_Titles: OFFSET('Recipes'!$A$5,0,0,MAX(1,COUNTIF('Recipes'!$A$5:$A$204,"?*")),1)
Name Rep_From: Reports!$B$6
Name Rep_To: Reports!$B$7
Name Rotation_Gap_Days: Settings!$B$41
Name Shopping_Day: Settings!$B$15
Name Sodium_Limit: Settings!$B$32
Name Status_List: OFFSET('Lists'!$H$5,0,0,MAX(1,COUNTIF('Lists'!$H$5:$H$44,"?*")),1)
Name Store_List: OFFSET('Lists'!$F$5,0,0,MAX(1,COUNTIF('Lists'!$F$5:$F$44,"?*")),1)
Name Sugar_Limit: Settings!$B$31
Name Tag_List: OFFSET('Lists'!$E$5,0,0,MAX(1,COUNTIF('Lists'!$E$5:$E$44,"?*")),1)
Name Takeaway_Limit: Settings!$B$46
Name Top_Rows: Settings!$B$49
Name Unit_List: OFFSET('Lists'!$B$5,0,0,MAX(1,COUNTIF('Lists'!$B$5:$B$44,"?*")),1)
Name Waste_Cost_Target: Settings!$B$23
Name Waste_Reduction_Target: Settings!$B$48
Name Water_Target: Settings!$B$33
Name Week_Start_Day: Settings!$B$11
Name Weekly_Budget: Settings!$B$19

Sheet Start Here
A1: MEAL PLANNER & GROCERY LIST
A2: Weekly & Monthly Meal Planner, Recipe Organizer, Automatic Grocery List, Pantry Inventory, Food Budget & Nutrition Tracker
A3: Version 1.0.0 | Novality Store | 36 tabs | Start at Settings, then Recipes, then Weekly Planner
A5: WELCOME - THIS WORKBOOK PLANS YOUR MEALS AND WRITES YOUR SHOPPING LIST
B6: Plan breakfast, lunch and dinner for the week, see the calories and the cost of every meal, keep an eye on what is in the pantry, and print a grocery list that is already grouped by aisle. Fill in the cream cells only - the soft sage cells calculate themselves.
A10: SET IT UP IN FIVE STEPS
B11: 1. Set up your household | C11: Settings tab: household name, number of people, servings per meal, currency, measurement system, grocery budget and your nutrition targets. Everything else reads from here.
B12: 2. Add your ingredients | C12: Ingredients tab: name, category, unit, price and the nutrition per unit. These prices drive every recipe cost and grocery total, so add the staples you buy most often first.
B13: 3. Build your recipe book | C13: Recipes tab: title, category, servings, timings and the nutrition per serving. Recipe Ingredients tab: list each ingredient with its quantity and the cost per serving is calculated for you.
B14: 4. Plan the week | C14: Weekly Planner tab: pick a week starting date, then choose a recipe for each day and slot. The planner works out the calories, protein and cost of the whole week as you type.
B15: 5. Shop and cook | C15: Grocery List tab: everything you planned is already there, grouped by aisle, with quantities scaled to your household. Print it with Print Shopping, then tick items off as you fill the basket.
A17: COLOUR KEY
B18: Cream cells | C18: You type here. These cells are unlocked.
B19: Soft sage cells | C19: Calculated by the spreadsheet. Leave them alone.
B20: Green headers | C20: Column titles - hover for a note about the column.
B21: Terracotta | C21: Totals, targets and anything that needs attention.
A23: WHAT IS ON EACH TAB
B24: Start Here | C24: This page.
B25: Dashboard | C25: The week at a glance: calories, budget, what to cook, what is expiring and how your habits are going.
B26: Weekly Planner | C26: Pick the meals for one week, day by day.
B27: Monthly Planner | C27: The whole month on one page with the food budget per week.
B28: Settings | C28: Household, budget, nutrition targets and reminder windows.
B29: Lists | C29: Every drop down source: meal slots, units, categories, cuisines, stores, diets.
B30: Household | C30: Who you are cooking for, their diets, allergies and calorie needs.
B31: Recipes | C31: Your recipe book with nutrition, cost and rankings.
B32: Recipe Ingredients | C32: What goes into each recipe and what it costs.
B33: Ingredients | C33: Master ingredient list with prices and nutrition.
B34: Meal Plan | C34: Every planned meal in one long register - the engine behind the planner.
B35: Grocery List | C35: The automatic shopping list, grouped by aisle.
... B60: Help | C60: Frequently asked questions and troubleshooting.
A62: SHEET PROTECTION
B63: Every tab is protected so the formulas cannot be deleted by accident. The cream input cells stay editable. If you want to change the look of the whole workbook, unprotect the sheets from Review > Unprotect Sheet (password: premium) and re-protect them when you are done.
A65: Novality Store - thank you for buying this workbook!

Sheet Dashboard
A1: DASHBOARD
A2: The week at a glance - meals, calories, cost, expiry dates and habits
A3: | Start Here | Weekly Planner | Meal Plan | Grocery List | Pantry | Reports
A5: WHICH WEEK ARE YOU LOOKING AT?
B6: Week starting | C6: 2026-10-05 | F6: Month | G6: =TEXT($C$7,"mmmm yyyy") -> 0 | I6: Household | J6: =Household_Name -> 0 | L6: People | M6: =Household_Size -> 0 | O6: Servings | P6: =Default_Servings -> 0
B7: Shopping day | C7: =Shopping_Day -> 0 | F7: Prep day | G7: =Prep_Day -> 0 | I7: Weekly budget | J7: =Weekly_Budget -> 0
A9: THIS WEEK
A10: Meals planned | D10: Calories a day | G10: Grocery cost | J10: Budget left | M10: Items to buy | P10: Use it or lose it
A11: =COUNTIFS('Meal Plan'!$C$5:$C$504,$C$7) -> 0 | D11: =IFERROR(SUMIFS('Meal Plan'!$L$5:$L$504,'Meal Plan'!$C$5:$C$504,$C$7)/MAX(1,Household_Size)/7,0) -> 0 | G11: =SUMIFS('Meal Plan'!$Q$5:$Q$504,'Meal Plan'!$C$5:$C$504,$C$7) -> 0 | J11: =Weekly_Budget-SUMIFS('Meal Plan'!$Q$5:$Q$504,'Meal Plan'!$C$5:$C$504,$C$7) -> 0 | M11: =COUNTIFS('Grocery List'!$N$5:$N$304,"Yes") -> 0 | P11: =COUNTIFS(Pantry!$K$5:$K$304,"Use soon")+COUNTIFS(Pantry!$K$5:$K$304,"Expired") -> 0
A12: rows on the Meal Plan | D12: ="target "&TEXT(Calorie_Target,"#,##0") -> 0 | G12: ="budget "&TEXT(Weekly_Budget,"#,##0.00") -> 0 | J12: planned vs budget | M12: on the grocery list | P12: pantry items
A14: YOUR WEEK
A15: Day | B15: Date | C15: Breakfast | D15: Lunch | E15: Dinner | F15: Snack | G15: Calories | H15: Cost | I15: Status
A16: =TEXT($C$7+0,"ddd") -> 0 | B16: =$C$7+0 -> 0 | C16: =IFERROR(INDEX('Meal Plan'!$G$5:$G$504,MATCH(1,INDEX(('Meal Plan'!$B$5:$B$504=$B16)*('Meal Plan'!$F$5:$F$504="Breakfast"),0),0)),"") -> 0 | D16: =IFERROR(INDEX('Meal Plan'!$G$5:$G$504,MATCH(1,INDEX(('Meal Plan'!$B$5:$B$504=$B16)*('Meal Plan'!$F$5:$F$504="Lunch"),0),0)),"") -> 0 | E16: =IFERROR(INDEX('Meal Plan'!$G$5:$G$504,MATCH(1,INDEX(('Meal Plan'!$B$5:$B$504=$B16)*('Meal Plan'!$F$5:$F$504="Dinner"),0),0)),"") -> 0 | F16: =IFERROR(INDEX('Meal Plan'!$G$5:$G$504,MATCH(1,INDEX(('Meal Plan'!$B$5:$B$504=$B16)*('Meal Plan'!$F$5:$F$504="Afternoon snack"),0),0)),"") -> 0 | G16: =SUMIFS('Meal Plan'!$L$5:$L$504,'Meal Plan'!$B$5:$B$504,$B16) -> 0 | H16: =SUMIFS('Meal Plan'!$Q$5:$Q$504,'Meal Plan'!$B$5:$B$504,$B16) -> 0 | I16: =IF(COUNTIFS('Meal Plan'!$B$5:$B$504,$B16)=0,"Nothing planned",TEXT(COUNTIFS('Meal Plan'!$B$5:$B$504,$B16,'Meal Plan'!$S$5:$S$504,"Cooked")+COUNTIFS('Meal Plan'!$B$5:$B$504,$B16,'Meal Plan'!$S$5:$S$504,"Eaten"),"0")&" of "&TEXT(COUNTIFS('Meal Plan'!$B$5:$B$504,$B16),"0")&" cooked") -> 0
A17: =TEXT($C$7+1,"ddd") -> 0 | B17: =$C$7+1 -> 0 | C17: =IFERROR(INDEX('Meal Plan'!$G$5:$G$504,MATCH(1,INDEX(('Meal Plan'!$B$5:$B$504=$B17)*('Meal Plan'!$F$5:$F$504="Breakfast"),0),0)),"") -> 0 | D17: =IFERROR(INDEX('Meal Plan'!$G$5:$G$504,MATCH(1,INDEX(('Meal Plan'!$B$5:$B$504=$B17)*('Meal Plan'!$F$5:$F$504="Lunch"),0),0)),"") -> 0 | E17: =IFERROR(INDEX('Meal Plan'!$G$5:$G$504,MATCH(1,INDEX(('Meal Plan'!$B$5:$B$504=$B17)*('Meal Plan'!$F$5:$F$504="Dinner"),0),0)),"") -> 0 | F17: =IFERROR(INDEX('Meal Plan'!$G$5:$G$504,MATCH(1,INDEX(('Meal Plan'!$B$5:$B$504=$B17)*('Meal Plan'!$F$5:$F$504="Afternoon snack"),0),0)),"") -> 0 | G17: =SUMIFS('Meal Plan'!$L$5:$L$504,'Meal Plan'!$B$5:$B$504,$B17) -> 0 | H17: =SUMIFS('Meal Plan'!$Q$5:$Q$504,'Meal Plan'!$B$5:$B$504,$B17) -> 0 | I17: =IF(COUNTIFS('Meal Plan'!$B$5:$B$504,$B17)=0,"Nothing planned",TEXT(COUNTIFS('Meal Plan'!$B$5:$B$504,$B17,'Meal Plan'!$S$5:$S$504,"Cooked")+COUNTIFS('Meal Plan'!$B$5:$B$504,$B17,'Meal Plan'!$S$5:$S$504,"Eaten"),"0")&" of "&TEXT(COUNTIFS('Meal Plan'!$B$5:$B$504,$B17),"0")&" cooked") -> 0
A18: =TEXT($C$7+2,"ddd") -> 0 | B18: =$C$7+2 -> 0 | C18: =IFERROR(INDEX('Meal Plan'!$G$5:$G$504,MATCH(1,INDEX(('Meal Plan'!$B$5:$B$504=$B18)*('Meal Plan'!$F$5:$F$504="Breakfast"),0),0)),"") -> 0 | D18: =IFERROR(INDEX('Meal Plan'!$G$5:$G$504,MATCH(1,INDEX(('Meal Plan'!$B$5:$B$504=$B18)*('Meal Plan'!$F$5:$F$504="Lunch"),0),0)),"") -> 0 | E18: =IFERROR(INDEX('Meal Plan'!$G$5:$G$504,MATCH(1,INDEX(('Meal Plan'!$B$5:$B$504=$B18)*('Meal Plan'!$F$5:$F$504="Dinner"),0),0)),"") -> 0 | F18: =IFERROR(INDEX('Meal Plan'!$G$5:$G$504,MATCH(1,INDEX(('Meal Plan'!$B$5:$B$504=$B18)*('Meal Plan'!$F$5:$F$504="Afternoon snack"),0),0)),"") -> 0 | G18: =SUMIFS('Meal Plan'!$L$5:$L$504,'Meal Plan'!$B$5:$B$504,$B18) -> 0 | H18: =SUMIFS('Meal Plan'!$Q$5:$Q$504,'Meal Plan'!$B$5:$B$504,$B18) -> 0 | I18: =IF(COUNTIFS('Meal Plan'!$B$5:$B$504,$B18)=0,"Nothing planned",TEXT(COUNTIFS('Meal Plan'!$B$5:$B$504,$B18,'Meal Plan'!$S$5:$S$504,"Cooked")+COUNTIFS('Meal Plan'!$B$5:$B$504,$B18,'Meal Plan'!$S$5:$S$504,"Eaten"),"0")&" of "&TEXT(COUNTIFS('Meal Plan'!$B$5:$B$504,$B18),"0")&" cooked") -> 0
A19: =TEXT($C$7+3,"ddd") -> 0 | B19: =$C$7+3 -> 0 | C19: =IFERROR(INDEX('Meal Plan'!$G$5:$G$504,MATCH(1,INDEX(('Meal Plan'!$B$5:$B$504=$B19)*('Meal Plan'!$F$5:$F$504="Breakfast"),0),0)),"") -> 0 | D19: =IFERROR(INDEX('Meal Plan'!$G$5:$G$504,MATCH(1,INDEX(('Meal Plan'!$B$5:$B$504=$B19)*('Meal Plan'!$F$5:$F$504="Lunch"),0),0)),"") -> 0 | E19: =IFERROR(INDEX('Meal Plan'!$G$5:$G$504,MATCH(1,INDEX(('Meal Plan'!$B$5:$B$504=$B19)*('Meal Plan'!$F$5:$F$504="Dinner"),0),0)),"") -> 0 | F19: =IFERROR(INDEX('Meal Plan'!$G$5:$G$504,MATCH(1,INDEX(('Meal Plan'!$B$5:$B$504=$B19)*('Meal Plan'!$F$5:$F$504="Afternoon snack"),0),0)),"") -> 0 | G19: =SUMIFS('Meal Plan'!$L$5:$L$504,'Meal Plan'!$B$5:$B$504,$B19) -> 0 | H19: =SUMIFS('Meal Plan'!$Q$5:$Q$504,'Meal Plan'!$B$5:$B$504,$B19) -> 0 | I19: =IF(COUNTIFS('Meal Plan'!$B$5:$B$504,$B19)=0,"Nothing planned",TEXT(COUNTIFS('Meal Plan'!$B$5:$B$504,$B19,'Meal Plan'!$S$5:$S$504,"Cooked")+COUNTIFS('Meal Plan'!$B$5:$B$504,$B19,'Meal Plan'!$S$5:$S$504,"Eaten"),"0")&" of "&TEXT(COUNTIFS('Meal Plan'!$B$5:$B$504,$B19),"0")&" cooked") -> 0
A20: =TEXT($C$7+4,"ddd") -> 0 | B20: =$C$7+4 -> 0 | C20: =IFERROR(INDEX('Meal Plan'!$G$5:$G$504,MATCH(1,INDEX(('Meal Plan'!$B$5:$B$504=$B20)*('Meal Plan'!$F$5:$F$504="Breakfast"),0),0)),"") -> 0 | D20: =IFERROR(INDEX('Meal Plan'!$G$5:$G$504,MATCH(1,INDEX(('Meal Plan'!$B$5:$B$504=$B20)*('Meal Plan'!$F$5:$F$504="Lunch"),0),0)),"") -> 0 | E20: =IFERROR(INDEX('Meal Plan'!$G$5:$G$504,MATCH(1,INDEX(('Meal Plan'!$B$5:$B$504=$B20)*('Meal Plan'!$F$5:$F$504="Dinner"),0),0)),"") -> 0 | F20: =IFERROR(INDEX('Meal Plan'!$G$5:$G$504,MATCH(1,INDEX(('Meal Plan'!$B$5:$B$504=$B20)*('Meal Plan'!$F$5:$F$504="Afternoon snack"),0),0)),"") -> 0 | G20: =SUMIFS('Meal Plan'!$L$5:$L$504,'Meal Plan'!$B$5:$B$504,$B20) -> 0 | H20: =SUMIFS('Meal Plan'!$Q$5:$Q$504,'Meal Plan'!$B$5:$B$504,$B20) -> 0 | I20: =IF(COUNTIFS('Meal Plan'!$B$5:$B$504,$B20)=0,"Nothing planned",TEXT(COUNTIFS('Meal Plan'!$B$5:$B$504,$B20,'Meal Plan'!$S$5:$S$504,"Cooked")+COUNTIFS('Meal Plan'!$B$5:$B$504,$B20,'Meal Plan'!$S$5:$S$504,"Eaten"),"0")&" of "&TEXT(COUNTIFS('Meal Plan'!$B$5:$B$504,$B20),"0")&" cooked") -> 0
A21: =TEXT($C$7+5,"ddd") -> 0 | B21: =$C$7+5 -> 0 | C21: =IFERROR(INDEX('Meal Plan'!$G$5:$G$504,MATCH(1,INDEX(('Meal Plan'!$B$5:$B$504=$B21)*('Meal Plan'!$F$5:$F$504="Breakfast"),0),0)),"") -> 0 | D21: =IFERROR(INDEX('Meal Plan'!$G$5:$G$504,MATCH(1,INDEX(('Meal Plan'!$B$5:$B$504=$B21)*('Meal Plan'!$F$5:$F$504="Lunch"),0),0)),"") -> 0 | E21: =IFERROR(INDEX('Meal Plan'!$G$5:$G$504,MATCH(1,INDEX(('Meal Plan'!$B$5:$B$504=$B21)*('Meal Plan'!$F$5:$F$504="Dinner"),0),0)),"") -> 0 | F21: =IFERROR(INDEX('Meal Plan'!$G$5:$G$504,MATCH(1,INDEX(('Meal Plan'!$B$5:$B$504=$B21)*('Meal Plan'!$F$5:$F$504="Afternoon snack"),0),0)),"") -> 0 | G21: =SUMIFS('Meal Plan'!$L$5:$L$504,'Meal Plan'!$B$5:$B$504,$B21) -> 0 | H21: =SUMIFS('Meal Plan'!$Q$5:$Q$504,'Meal Plan'!$B$5:$B$504,$B21) -> 0 | I21: =IF(COUNTIFS('Meal Plan'!$B$5:$B$504,$B21)=0,"Nothing planned",TEXT(COUNTIFS('Meal Plan'!$B$5:$B$504,$B21,'Meal Plan'!$S$5:$S$504,"Cooked")+COUNTIFS('Meal Plan'!$B$5:$B$504,$B21,'Meal Plan'!$S$5:$S$504,"Eaten"),"0")&" of "&TEXT(COUNTIFS('Meal Plan'!$B$5:$B$504,$B21),"0")&" cooked") -> 0
A22: =TEXT($C$7+6,"ddd") -> 0 | B22: =$C$7+6 -> 0 | C22: =IFERROR(INDEX('Meal Plan'!$G$5:$G$504,MATCH(1,INDEX(('Meal Plan'!$B$5:$B$504=$B22)*('Meal Plan'!$F$5:$F$504="Breakfast"),0),0)),"") -> 0 | D22: =IFERROR(INDEX('Meal Plan'!$G$5:$G$504,MATCH(1,INDEX(('Meal Plan'!$B$5:$B$504=$B22)*('Meal Plan'!$F$5:$F$504="Lunch"),0),0)),"") -> 0 | E22: =IFERROR(INDEX('Meal Plan'!$G$5:$G$504,MATCH(1,INDEX(('Meal Plan'!$B$5:$B$504=$B22)*('Meal Plan'!$F$5:$F$504="Dinner"),0),0)),"") -> 0 | F22: =IFERROR(INDEX('Meal Plan'!$G$5:$G$504,MATCH(1,INDEX(('Meal Plan'!$B$5:$B$504=$B22)*('Meal Plan'!$F$5:$F$504="Afternoon snack"),0),0)),"") -> 0 | G22: =SUMIFS('Meal Plan'!$L$5:$L$504,'Meal Plan'!$B$5:$B$504,$B22) -> 0 | H22: =SUMIFS('Meal Plan'!$Q$5:$Q$504,'Meal Plan'!$B$5:$B$504,$B22) -> 0 | I22: =IF(COUNTIFS('Meal Plan'!$B$5:$B$504,$B22)=0,"Nothing planned",TEXT(COUNTIFS('Meal Plan'!$B$5:$B$504,$B22,'Meal Plan'!$S$5:$S$504,"Cooked")+COUNTIFS('Meal Plan'!$B$5:$B$504,$B22,'Meal Plan'!$S$5:$S$504,"Eaten"),"0")&" of "&TEXT(COUNTIFS('Meal Plan'!$B$5:$B$504,$B22),"0")&" cooked") -> 0
A23: =Week -> 0 | G23: =SUMIFS('Meal Plan'!$L$5:$L$504,'Meal Plan'!$C$5:$C$504,$C$7) -> 0 | H23: =SUMIFS('Meal Plan'!$Q$5:$Q$504,'Meal Plan'!$C$5:$C$504,$C$7) -> 0 | I23: =TEXT(IFERROR(SUMIFS('Meal Plan'!$L$5:$L$504,'Meal Plan'!$C$5:$C$504,$C$7)/MAX(1,Household_Size)/7/Calorie_Target,0),"0%")&" of target" -> 0
A25: MEALS OVERDUE FOR ANOTHER TURN
A26: Rank | B26: Recipe | C26: Last cooked | D26: Days since | E26: Rating | F26: Cost / serving
A27: 1 | B27: =IFERROR(INDEX(Recipes!$A$5:$A$204,MATCH($A27,Recipes!$AX$5:$AX$204,0)),"") -> 0 | C27: =IFERROR(INDEX(Recipes!$X$5:$X$204,MATCH($A27,Recipes!$AX$5:$AX$204,0)),"") -> 0 | D27: =IFERROR(INDEX(Recipes!$Y$5:$Y$204,MATCH($A27,Recipes!$AX$5:$AX$204,0)),"") -> 0 | E27: =IFERROR(INDEX(Recipes!$AN$5:$AN$204,MATCH($A27,Recipes!$AX$5:$AX$204,0)),"") -> 0 | F27: =IFERROR(INDEX(Recipes!$Q$5:$Q$204,MATCH($A27,Recipes!$AX$5:$AX$204,0)),"") -> 0
A28: 2 | B28: =IFERROR(INDEX(Recipes!$A$5:$A$204,MATCH($A28,Recipes!$AX$5:$AX$204,0)),"") -> 0 | C28: =IFERROR(INDEX(Recipes!$X$5:$X$204,MATCH($A28,Recipes!$AX$5:$AX$204,0)),"") -> 0 | D28: =IFERROR(INDEX(Recipes!$Y$5:$Y$204,MATCH($A28,Recipes!$AX$5:$AX$204,0)),"") -> 0 | E28: =IFERROR(INDEX(Recipes!$AN$5:$AN$204,MATCH($A28,Recipes!$AX$5:$AX$204,0)),"") -> 0 | F28: =IFERROR(INDEX(Recipes!$Q$5:$Q$204,MATCH($A28,Recipes!$AX$5:$AX$204,0)),"") -> 0
A29: 3 | B29: =IFERROR(INDEX(Recipes!$A$5:$A$204,MATCH($A29,Recipes!$AX$5:$AX$204,0)),"") -> 0 | C29: =IFERROR(INDEX(Recipes!$X$5:$X$204,MATCH($A29,Recipes!$AX$5:$AX$204,0)),"") -> 0 | D29: =IFERROR(INDEX(Recipes!$Y$5:$Y$204,MATCH($A29,Recipes!$AX$5:$AX$204,0)),"") -> 0 | E29: =IFERROR(INDEX(Recipes!$AN$5:$AN$204,MATCH($A29,Recipes!$AX$5:$AX$204,0)),"") -> 0 | F29: =IFERROR(INDEX(Recipes!$Q$5:$Q$204,MATCH($A29,Recipes!$AX$5:$AX$204,0)),"") -> 0
A30: 4 | B30: =IFERROR(INDEX(Recipes!$A$5:$A$204,MATCH($A30,Recipes!$AX$5:$AX$204,0)),"") -> 0 | C30: =IFERROR(INDEX(Recipes!$X$5:$X$204,MATCH($A30,Recipes!$AX$5:$AX$204,0)),"") -> 0 | D30: =IFERROR(INDEX(Recipes!$Y$5:$Y$204,MATCH($A30,Recipes!$AX$5:$AX$204,0)),"") -> 0 | E30: =IFERROR(INDEX(Recipes!$AN$5:$AN$204,MATCH($A30,Recipes!$AX$5:$AX$204,0)),"") -> 0 | F30: =IFERROR(INDEX(Recipes!$Q$5:$Q$204,MATCH($A30,Recipes!$AX$5:$AX$204,0)),"") -> 0
A31: 5 | B31: =IFERROR(INDEX(Recipes!$A$5:$A$204,MATCH($A31,Recipes!$AX$5:$AX$204,0)),"") -> 0 | C31: =IFERROR(INDEX(Recipes!$X$5:$X$204,MATCH($A31,Recipes!$AX$5:$AX$204,0)),"") -> 0 | D31: =IFERROR(INDEX(Recipes!$Y$5:$Y$204,MATCH($A31,Recipes!$AX$5:$AX$204,0)),"") -> 0 | E31: =IFERROR(INDEX(Recipes!$AN$5:$AN$204,MATCH($A31,Recipes!$AX$5:$AX$204,0)),"") -> 0 | F31: =IFERROR(INDEX(Recipes!$Q$5:$Q$204,MATCH($A31,Recipes!$AX$5:$AX$204,0)),"") -> 0
A33: CHEAPEST MEALS IN YOUR RECIPE BOOK
A34: Rank | B34: Recipe | C34: Cost / serving | D34: Calories | E34: Total time (min) | F34: Cost / 1000 kcal
A35: 1 | B35: =IFERROR(INDEX(Recipes!$A$5:$A$204,MATCH($A35,Recipes!$AV$5:$AV$204,0)),"") -> 0 | C35: =IFERROR(INDEX(Recipes!$Q$5:$Q$204,MATCH($A35,Recipes!$AV$5:$AV$204,0)),"") -> 0 | D35: =IFERROR(INDEX(Recipes!$H$5:$H$204,MATCH($A35,Recipes!$AV$5:$AV$204,0)),"") -> 0 | E35: =IFERROR(INDEX(Recipes!$G$5:$G$204,MATCH($A35,Recipes!$AV$5:$AV$204,0)),"") -> 0 | F35: =IFERROR(INDEX(Recipes!$R$5:$R$204,MATCH($A35,Recipes!$AV$5:$AV$204,0)),"") -> 0
A36: 2 | B36: =IFERROR(INDEX(Recipes!$A$5:$A$204,MATCH($A36,Recipes!$AV$5:$AV$204,0)),"") -> 0 | C36: =IFERROR(INDEX(Recipes!$Q$5:$Q$204,MATCH($A36,Recipes!$AV$5:$AV$204,0)),"") -> 0 | D36: =IFERROR(INDEX(Recipes!$H$5:$H$204,MATCH($A36,Recipes!$AV$5:$AV$204,0)),"") -> 0 | E36: =IFERROR(INDEX(Recipes!$G$5:$G$204,MATCH($A36,Recipes!$AV$5:$AV$204,0)),"") -> 0 | F36: =IFERROR(INDEX(Recipes!$R$5:$R$204,MATCH($A36,Recipes!$AV$5:$AV$204,0)),"") -> 0
A37: 3 | B37: =IFERROR(INDEX(Recipes!$A$5:$A$204,MATCH($A37,Recipes!$AV$5:$AV$204,0)),"") -> 0 | C37: =IFERROR(INDEX(Recipes!$Q$5:$Q$204,MATCH($A37,Recipes!$AV$5:$AV$204,0)),"") -> 0 | D37: =IFERROR(INDEX(Recipes!$H$5:$H$204,MATCH($A37,Recipes!$AV$5:$AV$204,0)),"") -> 0 | E37: =IFERROR(INDEX(Recipes!$G$5:$G$204,MATCH($A37,Recipes!$AV$5:$AV$204,0)),"") -> 0 | F37: =IFERROR(INDEX(Recipes!$R$5:$R$204,MATCH($A37,Recipes!$AV$5:$AV$204,0)),"") -> 0
A38: 4 | B38: =IFERROR(INDEX(Recipes!$A$5:$A$204,MATCH($A38,Recipes!$AV$5:$AV$204,0)),"") -> 0 | C38: =IFERROR(INDEX(Recipes!$Q$5:$Q$204,MATCH($A38,Recipes!$AV$5:$AV$204,0)),"") -> 0 | D38: =IFERROR(INDEX(Recipes!$H$5:$H$204,MATCH($A38,Recipes!$AV$5:$AV$204,0)),"") -> 0 | E38: =IFERROR(INDEX(Recipes!$G$5:$G$204,MATCH($A38,Recipes!$AV$5:$AV$204,0)),"") -> 0 | F38: =IFERROR(INDEX(Recipes!$R$5:$R$204,MATCH($A38,Recipes!$AV$5:$AV$204,0)),"") -> 0
A39: 5 | B39: =IFERROR(INDEX(Recipes!$A$5:$A$204,MATCH($A39,Recipes!$AV$5:$AV$204,0)),"") -> 0 | C39: =IFERROR(INDEX(Recipes!$Q$5:$Q$204,MATCH($A39,Recipes!$AV$5:$AV$204,0)),"") -> 0 | D39: =IFERROR(INDEX(Recipes!$H$5:$H$204,MATCH($A39,Recipes!$AV$5:$AV$204,0)),"") -> 0 | E39: =IFERROR(INDEX(Recipes!$G$5:$G$204,MATCH($A39,Recipes!$AV$5:$AV$204,0)),"") -> 0 | F39: =IFERROR(INDEX(Recipes!$R$5:$R$204,MATCH($A39,Recipes!$AV$5:$AV$204,0)),"") -> 0
A41: USE IT OR LOSE IT
A42: Rank | B42: Item | C42: Days left | D42: Quantity | E42: Storage | F42: Status
A43: 1 | B43: =IFERROR(INDEX(Pantry!$A$5:$A$304,MATCH($A43,Pantry!$Q$5:$Q$304,0)),"") -> 0 | C43: =IFERROR(INDEX(Pantry!$J$5:$J$304,MATCH($A43,Pantry!$Q$5:$Q$304,0)),"") -> 0 | D43: =IFERROR(INDEX(Pantry!$C$5:$C$304,MATCH($A43,Pantry!$Q$5:$Q$304,0)),"") -> 0 | E43: =IFERROR(INDEX(Pantry!$E$5:$E$304,MATCH($A43,Pantry!$Q$5:$Q$304,0)),"") -> 0 | F43: =IFERROR(INDEX(Pantry!$K$5:$K$304,MATCH($A43,Pantry!$Q$5:$Q$304,0)),"") -> 0
A44: 2 | B44: =IFERROR(INDEX(Pantry!$A$5:$A$304,MATCH($A44,Pantry!$Q$5:$Q$304,0)),"") -> 0 | C44: =IFERROR(INDEX(Pantry!$J$5:$J$304,MATCH($A44,Pantry!$Q$5:$Q$304,0)),"") -> 0 | D44: =IFERROR(INDEX(Pantry!$C$5:$C$304,MATCH($A44,Pantry!$Q$5:$Q$304,0)),"") -> 0 | E44: =IFERROR(INDEX(Pantry!$E$5:$E$304,MATCH($A44,Pantry!$Q$5:$Q$304,0)),"") -> 0 | F44: =IFERROR(INDEX(Pantry!$K$5:$K$304,MATCH($A44,Pantry!$Q$5:$Q$304,0)),"") -> 0
A45: 3 | B45: =IFERROR(INDEX(Pantry!$A$5:$A$304,MATCH($A45,Pantry!$Q$5:$Q$304,0)),"") -> 0 | C45: =IFERROR(INDEX(Pantry!$J$5:$J$304,MATCH($A45,Pantry!$Q$5:$Q$304,0)),"") -> 0 | D45: =IFERROR(INDEX(Pantry!$C$5:$C$304,MATCH($A45,Pantry!$Q$5:$Q$304,0)),"") -> 0 | E45: =IFERROR(INDEX(Pantry!$E$5:$E$304,MATCH($A45,Pantry!$Q$5:$Q$304,0)),"") -> 0 | F45: =IFERROR(INDEX(Pantry!$K$5:$K$304,MATCH($A45,Pantry!$Q$5:$Q$304,0)),"") -> 0
A46: 4 | B46: =IFERROR(INDEX(Pantry!$A$5:$A$304,MATCH($A46,Pantry!$Q$5:$Q$304,0)),"") -> 0 | C46: =IFERROR(INDEX(Pantry!$J$5:$J$304,MATCH($A46,Pantry!$Q$5:$Q$304,0)),"") -> 0 | D46: =IFERROR(INDEX(Pantry!$C$5:$C$304,MATCH($A46,Pantry!$Q$5:$Q$304,0)),"") -> 0 | E46: =IFERROR(INDEX(Pantry!$E$5:$E$304,MATCH($A46,Pantry!$Q$5:$Q$304,0)),"") -> 0 | F46: =IFERROR(INDEX(Pantry!$K$5:$K$304,MATCH($A46,Pantry!$Q$5:$Q$304,0)),"") -> 0
A47: 5 | B47: =IFERROR(INDEX(Pantry!$A$5:$A$304,MATCH($A47,Pantry!$Q$5:$Q$304,0)),"") -> 0 | C47: =IFERROR(INDEX(Pantry!$J$5:$J$304,MATCH($A47,Pantry!$Q$5:$Q$304,0)),"") -> 0 | D47: =IFERROR(INDEX(Pantry!$C$5:$C$304,MATCH($A47,Pantry!$Q$5:$Q$304,0)),"") -> 0 | E47: =IFERROR(INDEX(Pantry!$E$5:$E$304,MATCH($A47,Pantry!$Q$5:$Q$304,0)),"") -> 0 | F47: =IFERROR(INDEX(Pantry!$K$5:$K$304,MATCH($A47,Pantry!$Q$5:$Q$304,0)),"") -> 0
A48: 6 | B48: =IFERROR(INDEX(Pantry!$A$5:$A$304,MATCH($A48,Pantry!$Q$5:$Q$304,0)),"") -> 0 | C48: =IFERROR(INDEX(Pantry!$J$5:$J$304,MATCH($A48,Pantry!$Q$5:$Q$304,0)),"") -> 0 | D48: =IFERROR(INDEX(Pantry!$C$5:$C$304,MATCH($A48,Pantry!$Q$5:$Q$304,0)),"") -> 0 | E48: =IFERROR(INDEX(Pantry!$E$5:$E$304,MATCH($A48,Pantry!$Q$5:$Q$304,0)),"") -> 0 | F48: =IFERROR(INDEX(Pantry!$K$5:$K$304,MATCH($A48,Pantry!$Q$5:$Q$304,0)),"") -> 0
A50: HABITS AND ALERTS
A51: Habit | C51: This month | E51: Target | G51: Status
A52: Home cooked meals | C52: =COUNTIFS('Meal Plan'!$E$5:$E$504,$G$6,'Meal Plan'!$S$5:$S$504,"Cooked")+COUNTIFS('Meal Plan'!$E$5:$E$504,$G$6,'Meal Plan'!$S$5:$S$504,"Eaten") -> 0 | E52: =Home_Cooked_Target*4 -> 0 | G52: =IF($C52>=$E52,"On target","Behind target") -> 0
A53: Takeaways and meals out | C53: =COUNTIFS('Meal Plan'!$E$5:$E$504,$G$6,'Meal Plan'!$S$5:$S$504,"Takeaway")+COUNTIFS('Meal Plan'!$E$5:$E$504,$G$6,'Meal Plan'!$S$5:$S$504,"Eating out") -> 0 | E53: =Takeaway_Limit -> 0 | G53: =IF($C53>=$E53,"On target","Behind target") -> 0
A54: New recipes tried | C54: =COUNTIFS(Recipes!$AM$5:$AM$204,">="&DATE(Plan_Year,1,1),Recipes!$AM$5:$AM$204,"<="&DATE(Plan_Year,12,31)) -> 0 | E54: =New_Recipe_Target*12 -> 0 | G54: =IF($C54>=$E54,"On target","Behind target") -> 0
A55: Grocery spend vs weekly budget | C55: =Weekly_Budget-SUMIFS('Meal Plan'!$Q$5:$Q$504,'Meal Plan'!$C$5:$C$504,$C$7) -> 0 | G55: =IF(SUMIFS('Meal Plan'!$Q$5:$Q$504,'Meal Plan'!$C$5:$C$504,$C$7)>Weekly_Budget,"Over budget","Within budget") -> 0
A56: Waste cost vs target | C56: =Waste_Cost_Target-SUMIFS('Food Waste'!$H$5:$H$154,'Food Waste'!$O$5:$O$154,$G$6) -> 0 | G56: =IF(SUMIFS('Food Waste'!$H$5:$H$154,'Food Waste'!$O$5:$O$154,$G$6)>Waste_Cost_Target,"Over target","On target") -> 0
A57: Items running low | C57: =COUNTIFS(Ingredients!$AA$5:$AA$304,"Yes") -> 0 | G57: =IF(COUNTIFS(Ingredients!$AA$5:$AA$304,"Yes")>0,"Add to the list","Nothing needed") -> 0
A58: Dietary checks flagged | C58: =COUNTIFS('Meal Plan'!$AG$5:$AG$504,"Check") -> 0 | G58: =IF(COUNTIFS('Meal Plan'!$AG$5:$AG$504,"Check")>0,"Check the plan","All clear") -> 0
A59: Leftovers to eat | C59: =COUNTIFS(Leftovers!$I$5:$I$124,">=0") -> 0 | G59: =IF(COUNTIFS(Leftovers!$I$5:$I$124,"<=1")>0,"Eat something today","Nothing urgent") -> 0
A61: Everything on this page is calculated. Change the week at the top, or the month in the cell next to 'Month', and the whole dashboard follows.

Sheet Weekly Planner
A1: WEEKLY PLANNER
A2: One week, day by day - meals, calories and cost
A3: | Dashboard | Meal Plan | Grocery List | Print Week | Monthly Planner
A5: WHICH WEEK?
A6: Week starting | B6: 2026-10-05 | D6: Household | E6: =Household_Name -> 0 | G6: People | H6: =Household_Size -> 0 | J6: Budget | K6: =Weekly_Budget -> 0
A7: Planned | B7: =COUNTIFS('Meal Plan'!$C$5:$C$504,$B$8)&" meals this week" -> 0 | D7: Week cost | E7: =SUMIFS('Meal Plan'!$Q$5:$Q$504,'Meal Plan'!$C$5:$C$504,$B$8) -> 0 | G7: Budget left | H7: =Weekly_Budget-$E$7 -> 0 | J7: Calories / day | K7: =IFERROR(SUMIFS('Meal Plan'!$L$5:$L$504,'Meal Plan'!$C$5:$C$504,$B$8)/MAX(1,Household_Size)/7,0) -> 0
A8: Day | B8: Date | C8: Breakfast | D8: Lunch | E8: Dinner | F8: Snacks | G8: Dessert | H8: Servings | I8: Calories | J8: Cost | K8: Notes
A10: =TEXT($B$8+0,"dddd") -> 0 | B10: =$B$8+0 -> 0 | C10: =IFERROR(INDEX('Meal Plan'!$G$5:$G$504,MATCH(1,INDEX(('Meal Plan'!$B$5:$B$504=$B10)*('Meal Plan'!$F$5:$F$504="Breakfast"),0),0)),"") -> 0 | D10: =IFERROR(INDEX('Meal Plan'!$G$5:$G$504,MATCH(1,INDEX(('Meal Plan'!$B$5:$B$504=$B10)*('Meal Plan'!$F$5:$F$504="Lunch"),0),0)),"") -> 0 | E10: =IFERROR(INDEX('Meal Plan'!$G$5:$G$504,MATCH(1,INDEX(('Meal Plan'!$B$5:$B$504=$B10)*('Meal Plan'!$F$5:$F$504="Dinner"),0),0)),"") -> 0 | F10: =IFERROR(INDEX('Meal Plan'!$G$5:$G$504,MATCH(1,INDEX(('Meal Plan'!$B$5:$B$504=$B10)*('Meal Plan'!$F$5:$F$504="Afternoon snack"),0),0)),"") -> 0 | G10: =IFERROR(INDEX('Meal Plan'!$G$5:$G$504,MATCH(1,INDEX(('Meal Plan'!$B$5:$B$504=$B10)*('Meal Plan'!$F$5:$F$504="Dessert"),0),0)),"") -> 0 | H10: =SUMIFS('Meal Plan'!$H$5:$H$504,'Meal Plan'!$B$5:$B$504,$B10) -> 0 | I10: =SUMIFS('Meal Plan'!$L$5:$L$504,'Meal Plan'!$B$5:$B$504,$B10) -> 0 | J10: =SUMIFS('Meal Plan'!$Q$5:$Q$504,'Meal Plan'!$B$5:$B$504,$B10) -> 0
A11: =TEXT($B$8+1,"dddd") -> 0 | B11: =$B$8+1 -> 0 | C11: =IFERROR(INDEX('Meal Plan'!$G$5:$G$504,MATCH(1,INDEX(('Meal Plan'!$B$5:$B$504=$B11)*('Meal Plan'!$F$5:$F$504="Breakfast"),0),0)),"") -> 0 | D11: =IFERROR(INDEX('Meal Plan'!$G$5:$G$504,MATCH(1,INDEX(('Meal Plan'!$B$5:$B$504=$B11)*('Meal Plan'!$F$5:$F$504="Lunch"),0),0)),"") -> 0 | E11: =IFERROR(INDEX('Meal Plan'!$G$5:$G$504,MATCH(1,INDEX(('Meal Plan'!$B$5:$B$504=$B11)*('Meal Plan'!$F$5:$F$504="Dinner"),0),0)),"") -> 0 | F11: =IFERROR(INDEX('Meal Plan'!$G$5:$G$504,MATCH(1,INDEX(('Meal Plan'!$B$5:$B$504=$B11)*('Meal Plan'!$F$5:$F$504="Afternoon snack"),0),0)),"") -> 0 | G11: =IFERROR(INDEX('Meal Plan'!$G$5:$G$504,MATCH(1,INDEX(('Meal Plan'!$B$5:$B$504=$B11)*('Meal Plan'!$F$5:$F$504="Dessert"),0),0)),"") -> 0 | H11: =SUMIFS('Meal Plan'!$H$5:$H$504,'Meal Plan'!$B$5:$B$504,$B11) -> 0 | I11: =SUMIFS('Meal Plan'!$L$5:$L$504,'Meal Plan'!$B$5:$B$504,$B11) -> 0 | J11: =SUMIFS('Meal Plan'!$Q$5:$Q$504,'Meal Plan'!$B$5:$B$504,$B11) -> 0
A12: =TEXT($B$8+2,"dddd") -> 0 | B12: =$B$8+2 -> 0 | C12: =IFERROR(INDEX('Meal Plan'!$G$5:$G$504,MATCH(1,INDEX(('Meal Plan'!$B$5:$B$504=$B12)*('Meal Plan'!$F$5:$F$504="Breakfast"),0),0)),"") -> 0 | D12: =IFERROR(INDEX('Meal Plan'!$G$5:$G$504,MATCH(1,INDEX(('Meal Plan'!$B$5:$B$504=$B12)*('Meal Plan'!$F$5:$F$504="Lunch"),0),0)),"") -> 0 | E12: =IFERROR(INDEX('Meal Plan'!$G$5:$G$504,MATCH(1,INDEX(('Meal Plan'!$B$5:$B$504=$B12)*('Meal Plan'!$F$5:$F$504="Dinner"),0),0)),"") -> 0 | F12: =IFERROR(INDEX('Meal Plan'!$G$5:$G$504,MATCH(1,INDEX(('Meal Plan'!$B$5:$B$504=$B12)*('Meal Plan'!$F$5:$F$504="Afternoon snack"),0),0)),"") -> 0 | G12: =IFERROR(INDEX('Meal Plan'!$G$5:$G$504,MATCH(1,INDEX(('Meal Plan'!$B$5:$B$504=$B12)*('Meal Plan'!$F$5:$F$504="Dessert"),0),0)),"") -> 0 | H12: =SUMIFS('Meal Plan'!$H$5:$H$504,'Meal Plan'!$B$5:$B$504,$B12) -> 0 | I12: =SUMIFS('Meal Plan'!$L$5:$L$504,'Meal Plan'!$B$5:$B$504,$B12) -> 0 | J12: =SUMIFS('Meal Plan'!$Q$5:$Q$504,'Meal Plan'!$B$5:$B$504,$B12) -> 0
A13: =TEXT($B$8+3,"dddd") -> 0 | B13: =$B$8+3 -> 0 | C13: =IFERROR(INDEX('Meal Plan'!$G$5:$G$504,MATCH(1,INDEX(('Meal Plan'!$B$5:$B$504=$B13)*('Meal Plan'!$F$5:$F$504="Breakfast"),0),0)),"") -> 0 | D13: =IFERROR(INDEX('Meal Plan'!$G$5:$G$504,MATCH(1,INDEX(('Meal Plan'!$B$5:$B$504=$B13)*('Meal Plan'!$F$5:$F$504="Lunch"),0),0)),"") -> 0 | E13: =IFERROR(INDEX('Meal Plan'!$G$5:$G$504,MATCH(1,INDEX(('Meal Plan'!$B$5:$B$504=$B13)*('Meal Plan'!$F$5:$F$504="Dinner"),0),0)),"") -> 0 | F13: =IFERROR(INDEX('Meal Plan'!$G$5:$G$504,MATCH(1,INDEX(('Meal Plan'!$B$5:$B$504=$B13)*('Meal Plan'!$F$5:$F$504="Afternoon snack"),0),0)),"") -> 0 | G13: =IFERROR(INDEX('Meal Plan'!$G$5:$G$504,MATCH(1,INDEX(('Meal Plan'!$B$5:$B$504=$B13)*('Meal Plan'!$F$5:$F$504="Dessert"),0),0)),"") -> 0 | H13: =SUMIFS('Meal Plan'!$H$5:$H$504,'Meal Plan'!$B$5:$B$504,$B13) -> 0 | I13: =SUMIFS('Meal Plan'!$L$5:$L$504,'Meal Plan'!$B$5:$B$504,$B13) -> 0 | J13: =SUMIFS('Meal Plan'!$Q$5:$Q$504,'Meal Plan'!$B$5:$B$504,$B13) -> 0
A14: =TEXT($B$8+4,"dddd") -> 0 | B14: =$B$8+4 -> 0 | C14: =IFERROR(INDEX('Meal Plan'!$G$5:$G$504,MATCH(1,INDEX(('Meal Plan'!$B$5:$B$504=$B14)*('Meal Plan'!$F$5:$F$504="Breakfast"),0),0)),"") -> 0 | D14: =IFERROR(INDEX('Meal Plan'!$G$5:$G$504,MATCH(1,INDEX(('Meal Plan'!$B$5:$B$504=$B14)*('Meal Plan'!$F$5:$F$504="Lunch"),0),0)),"") -> 0 | E14: =IFERROR(INDEX('Meal Plan'!$G$5:$G$504,MATCH(1,INDEX(('Meal Plan'!$B$5:$B$504=$B14)*('Meal Plan'!$F$5:$F$504="Dinner"),0),0)),"") -> 0 | F14: =IFERROR(INDEX('Meal Plan'!$G$5:$G$504,MATCH(1,INDEX(('Meal Plan'!$B$5:$B$504=$B14)*('Meal Plan'!$F$5:$F$504="Afternoon snack"),0),0)),"") -> 0 | G14: =IFERROR(INDEX('Meal Plan'!$G$5:$G$504,MATCH(1,INDEX(('Meal Plan'!$B$5:$B$504=$B14)*('Meal Plan'!$F$5:$F$504="Dessert"),0),0)),"") -> 0 | H14: =SUMIFS('Meal Plan'!$H$5:$H$504,'Meal Plan'!$B$5:$B$504,$B14) -> 0 | I14: =SUMIFS('Meal Plan'!$L$5:$L$504,'Meal Plan'!$B$5:$B$504,$B14) -> 0 | J14: =SUMIFS('Meal Plan'!$Q$5:$Q$504,'Meal Plan'!$B$5:$B$504,$B14) -> 0
A15: =TEXT($B$8+5,"dddd") -> 0 | B15: =$B$8+5 -> 0 | C15: =IFERROR(INDEX('Meal Plan'!$G$5:$G$504,MATCH(1,INDEX(('Meal Plan'!$B$5:$B$504=$B15)*('Meal Plan'!$F$5:$F$504="Breakfast"),0),0)),"") -> 0 | D15: =IFERROR(INDEX('Meal Plan'!$G$5:$G$504,MATCH(1,INDEX(('Meal Plan'!$B$5:$B$504=$B15)*('Meal Plan'!$F$5:$F$504="Lunch"),0),0)),"") -> 0 | E15: =IFERROR(INDEX('Meal Plan'!$G$5:$G$504,MATCH(1,INDEX(('Meal Plan'!$B$5:$B$504=$B15)*('Meal Plan'!$F$5:$F$504="Dinner"),0),0)),"") -> 0 | F15: =IFERROR(INDEX('Meal Plan'!$G$5:$G$504,MATCH(1,INDEX(('Meal Plan'!$B$5:$B$504=$B15)*('Meal Plan'!$F$5:$F$504="Afternoon snack"),0),0)),"") -> 0 | G15: =IFERROR(INDEX('Meal Plan'!$G$5:$G$504,MATCH(1,INDEX(('Meal Plan'!$B$5:$B$504=$B15)*('Meal Plan'!$F$5:$F$504="Dessert"),0),0)),"") -> 0 | H15: =SUMIFS('Meal Plan'!$H$5:$H$504,'Meal Plan'!$B$5:$B$504,$B15) -> 0 | I15: =SUMIFS('Meal Plan'!$L$5:$L$504,'Meal Plan'!$B$5:$B$504,$B15) -> 0 | J15: =SUMIFS('Meal Plan'!$Q$5:$Q$504,'Meal Plan'!$B$5:$B$504,$B15) -> 0
A16: Week total | H16: =SUM($H$10:$H$15) -> 0 | I16: =SUM($I$10:$I$15) -> 0 | J16: =SUM($J$10:$J$15) -> 0 | K16: =IFERROR(TEXT($I16/MAX(1,Household_Size)/7,"#,##0")&" kcal a day","") -> 0

Sheet Monthly Planner
A1: MONTHLY PLANNER
A2: The whole month on one page - themes, planned cost and actual spend
A3: | Dashboard | Weekly Planner | Meal Plan | Grocery Spending | Budget
A5: WHICH MONTH?
A6: Month | B6: October 2026 | D6: Weeks in the month | E6: =6 -> 0 | G6: Monthly budget | H6: =Monthly_Budget -> 0
B7: =DATEVALUE("1 "&$B$6) -> 0 | D7: Month planned | E7: =SUM($G$9:$G$14) -> 0 | G7: Month actual | H7: =SUM($H$9:$H$14) -> 0 | J7: Variance
A8: Week | B8: Week starting | C8: Breakfast theme | D8: Lunch theme | E8: Dinner theme | F8: Planned cost | G8: Actual spend | H8: Budget | I8: Variance | J8: Notes
A10: 1 | B10: =$B$7+0*7-WEEKDAY($B$7,2)+1 -> 0 | F10: =SUMIFS('Meal Plan'!$Q$5:$Q$504,'Meal Plan'!$C$5:$C$504,$B10) -> 0 | G10: =SUMIFS('Grocery Spending'!$J$5:$J$404,'Grocery Spending'!$B$5:$B$404,$B10) -> 0 | H10: =Weekly_Budget -> 0 | I10: =$H10-$G10 -> 0
A11: 2 | B11: =$B$7+1*7-WEEKDAY($B$7,2)+1 -> 0 | F11: =SUMIFS('Meal Plan'!$Q$5:$Q$504,'Meal Plan'!$C$5:$C$504,$B11) -> 0 | G11: =SUMIFS('Grocery Spending'!$J$5:$J$404,'Grocery Spending'!$B$5:$B$404,$B11) -> 0 | H11: =Weekly_Budget -> 0 | I11: =$H11-$G11 -> 0
A12: 3 | B12: =$B$7+2*7-WEEKDAY($B$7,2)+1 -> 0 | F12: =SUMIFS('Meal Plan'!$Q$5:$Q$504,'Meal Plan'!$C$5:$C$504,$B12) -> 0 | G12: =SUMIFS('Grocery Spending'!$J$5:$J$404,'Grocery Spending'!$B$5:$B$404,$B12) -> 0 | H12: =Weekly_Budget -> 0 | I12: =$H12-$G12 -> 0
A13: 4 | B13: =$B$7+3*7-WEEKDAY($B$7,2)+1 -> 0 | F13: =SUMIFS('Meal Plan'!$Q$5:$Q$504,'Meal Plan'!$C$5:$C$504,$B13) -> 0 | G13: =SUMIFS('Grocery Spending'!$J$5:$J$404,'Grocery Spending'!$B$5:$B$404,$B13) -> 0 | H13: =Weekly_Budget -> 0 | I13: =$H13-$G13 -> 0
A14: 5 | B14: =$B$7+4*7-WEEKDAY($B$7,2)+1 -> 0 | F14: =SUMIFS('Meal Plan'!$Q$5:$Q$504,'Meal Plan'!$C$5:$C$504,$B14) -> 0 | G14: =SUMIFS('Grocery Spending'!$J$5:$J$404,'Grocery Spending'!$B$5:$B$404,$B14) -> 0 | H14: =Weekly_Budget -> 0 | I14: =$H14-$G14 -> 0
A15: Month | F15: =SUM($F$9:$F$14) -> 0 | G15: =SUM($G$9:$G$14) -> 0 | H15: =SUM($H$9:$H$14) -> 0 | I15: =$H15-$G15 -> 0 | J15: =IF($H15=0,"",TEXT(($G15-$H15)/$H15,"0%")&" of budget left") -> 0

Sheet Settings
A1: SETTINGS
A2: Household, budget, nutrition targets and reminder windows - every tab reads these cells
A3: | Dashboard | Weekly Planner | Budget | Nutrition | Reports
A5: HOUSEHOLD
A6: Household name | B6: The Harper Household | C6: Shown on every print out.
A7: People in the household | B7: 4 | C7: Drives servings, budget per person and the grocery quantities.
A8: Main cook / planner | B8: Maya Harper | C8: Who owns the plan this year.
A9: Planning year | B9: 2026 | C9: Every weekly and monthly plan is built around this year.
A10: Servings per meal | B10: 4 | C10: Default portion count copied into new plan rows.
A11: Week starts on | B11: Monday | C11: Monday or Sunday.
A12: Measurement system | B12: Metric | C12: Metric (g, ml) or Imperial (oz, fl oz).
A13: Currency symbol | B13: $ | C13: Used in every money format.
A14: Currency code | B14: USD | C14: Three letter code, e.g. USD.
A15: Shopping day | B15: Saturday | C15: Day you usually shop.
A16: Meal prep day | B16: Sunday | C16: Day you usually cook ahead.
A18: GROCERY BUDGET
A19: Weekly grocery budget | B19: 180 | C19: Compared with the actual grocery spend on the Dashboard.
A20: Monthly grocery budget | B20: 780
A21: Annual grocery budget | B21: 9360
A22: Eating out budget (monthly) | B22: 120
A23: Food waste cost target (monthly) | B23: 15 | C23: Money you are willing to write off as waste.
A25: DAILY NUTRITION TARGETS PER PERSON
A26: Calories | B26: 2000 | C26: kcal a day.
A27: Protein | B27: 90 | C27: grams a day.
A28: Carbohydrates | B28: 230 | C28: grams a day.
A29: Fat | B29: 70 | C29: grams a day.
A30: Fibre | B30: 30 | C30: grams a day.
A31: Sugar limit | B31: 50 | C31: grams a day.
A32: Sodium limit | B32: 2300 | C32: mg a day.
A33: Water | B33: 8 | C33: glasses a day.
A35: REMINDER WINDOWS
A36: Use it or lose it (days) | B36: 5 | C36: Pantry items inside this window are flagged for use.
A37: Leftover fridge life (days) | B37: 3
A38: Freezer review (days) | B38: 90 | C38: How long before a freezer item is reviewed.
A39: Low stock warning (days of cover) | B39: 7
A40: Prep reminder (days ahead) | B40: 2
A41: Rotation gap (days) | B41: 14 | C41: Minimum days before the same meal is planned again.
A43: HABIT TARGETS
A44: Home cooked meals a week | B44: 18
A45: New recipes a month | B45: 2
A46: Takeaways a month (limit) | B46: 4
A47: Packed lunches a week | B47: 5
A48: Waste reduction target | B48: 0.05 | C48: Share of food bought that you are aiming to bin.
A49: Top rows in 'best of' tables | B49: 5 | C49: How many rows the Dashboard 'top 5' tables show.

Sheet Lists
A4: Meal slots | B4: Units | C4: Categories | D4: Cuisines | E4: Tags | F4: Stores | G4: Dietary needs | H4: Status | I4: Yes / No | J4: Recipe categories

Sheet Household
A4: Household member | B4: Role | C4: Age | D4: Dietary need | E4: Allergies | F4: Dislikes | G4: Calories / day | H4: Protein / day (g) | I4: Servings | J4: Packed lunch | K4: Notes | L4: Status
G5: =IF(A5="","",IF(C5="",Calorie_Target,IF(C5<4,Calorie_Target*0.4,IF(C5<9,Calorie_Target*0.6,IF(C5<14,Calorie_Target*0.8,IF(C5<19,Calorie_Target*0.95,Calorie_Target)))))) -> 0 | H5: =IF(A5="","",IF(C5="",Protein_Target,IF(C5<4,Protein_Target*0.5,IF(C5<9,Protein_Target*0.65,IF(C5<14,Protein_Target*0.8,IF(C5<19,Protein_Target*0.9,Protein_Target)))))) -> 0 | L5: =IF(A5="","",IF(E5<>"","Allergy noted","OK")) -> 0
G6: =IF(A6="","",IF(C6="",Calorie_Target,IF(C6<4,Calorie_Target*0.4,IF(C6<9,Calorie_Target*0.6,IF(C6<14,Calorie_Target*0.8,IF(C6<19,Calorie_Target*0.95,Calorie_Target)))))) -> 0 | H6: =IF(A6="","",IF(C6="",Protein_Target,IF(C6<4,Protein_Target*0.5,IF(C6<9,Protein_Target*0.65,IF(C6<14,Protein_Target*0.8,IF(C6<19,Protein_Target*0.9,Protein_Target)))))) -> 0 | L6: =IF(A6="","",IF(E6<>"","Allergy noted","OK")) -> 0
G7: =IF(A7="","",IF(C7="",Calorie_Target,IF(C7<4,Calorie_Target*0.4,IF(C7<9,Calorie_Target*0.6,IF(C7<14,Calorie_Target*0.8,IF(C7<19,Calorie_Target*0.95,Calorie_Target)))))) -> 0 | H7: =IF(A7="","",IF(C7="",Protein_Target,IF(C7<4,Protein_Target*0.5,IF(C7<9,Protein_Target*0.65,IF(C7<14,Protein_Target*0.8,IF(C7<19,Protein_Target*0.9,Protein_Target)))))) -> 0 | L7: =IF(A7="","",IF(E7<>"","Allergy noted","OK")) -> 0
G8: =IF(A8="","",IF(C8="",Calorie_Target,IF(C8<4,Calorie_Target*0.4,IF(C8<9,Calorie_Target*0.6,IF(C8<14,Calorie_Target*0.8,IF(C8<19,Calorie_Target*0.95,Calorie_Target)))))) -> 0 | H8: =IF(A8="","",IF(C8="",Protein_Target,IF(C8<4,Protein_Target*0.5,IF(C8<9,Protein_Target*0.65,IF(C8<14,Protein_Target*0.8,IF(C8<19,Protein_Target*0.9,Protein_Target)))))) -> 0 | L8: =IF(A8="","",IF(E8<>"","Allergy noted","OK")) -> 0
G9: =IF(A9="","",IF(C9="",Calorie_Target,IF(C9<4,Calorie_Target*0.4,IF(C9<9,Calorie_Target*0.6,IF(C9<14,Calorie_Target*0.8,IF(C9<19,Calorie_Target*0.95,Calorie_Target)))))) -> 0 | H9: =IF(A9="","",IF(C9="",Protein_Target,IF(C9<4,Protein_Target*0.5,IF(C9<9,Protein_Target*0.65,IF(C9<14,Protein_Target*0.8,IF(C9<19,Protein_Target*0.9,Protein_Target)))))) -> 0 | L9: =IF(A9="","",IF(E9<>"","Allergy noted","OK")) -> 0
G10: =IF(A10="","",IF(C10="",Calorie_Target,IF(C10<4,Calorie_Target*0.4,IF(C10<9,Calorie_Target*0.6,IF(C10<14,Calorie_Target*0.8,IF(C10<19,Calorie_Target*0.95,Calorie_Target)))))) -> 0 | H10: =IF(A10="","",IF(C10="",Protein_Target,IF(C10<4,Protein_Target*0.5,IF(C10<9,Protein_Target*0.65,IF(C10<14,Protein_Target*0.8,IF(C10<19,Protein_Target*0.9,Protein_Target)))))) -> 0 | L10: =IF(A10="","",IF(E10<>"","Allergy noted","OK")) -> 0
G11: =IF(A11="","",IF(C11="",Calorie_Target,IF(C11<4,Calorie_Target*0.4,IF(C11<9,Calorie_Target*0.6,IF(C11<14,Calorie_Target*0.8,IF(C11<19,Calorie_Target*0.95,Calorie_Target)))))) -> 0 | H11: =IF(A11="","",IF(C11="",Protein_Target,IF(C11<4,Protein_Target*0.5,IF(C11<9,Protein_Target*0.65,IF(C11<14,Protein_Target*0.8,IF(C11<19,Protein_Target*0.9,Protein_Target)))))) -> 0 | L11: =IF(A11="","",IF(E11<>"","Allergy noted","OK")) -> 0
G12: =IF(A12="","",IF(C12="",Calorie_Target,IF(C12<4,Calorie_Target*0.4,IF(C12<9,Calorie_Target*0.6,IF(C12<14,Calorie_Target*0.8,IF(C12<19,Calorie_Target*0.95,Calorie_Target)))))) -> 0 | H12: =IF(A12="","",IF(C12="",Protein_Target,IF(C12<4,Protein_Target*0.5,IF(C12<9,Protein_Target*0.65,IF(C12<14,Protein_Target*0.8,IF(C12<19,Protein_Target*0.9,Protein_Target)))))) -> 0 | L12: =IF(A12="","",IF(E12<>"","Allergy noted","OK")) -> 0
G13: =IF(A13="","",IF(C13="",Calorie_Target,IF(C13<4,Calorie_Target*0.4,IF(C13<9,Calorie_Target*0.6,IF(C13<14,Calorie_Target*0.8,IF(C13<19,Calorie_Target*0.95,Calorie_Target)))))) -> 0 | H13: =IF(A13="","",IF(C13="",Protein_Target,IF(C13<4,Protein_Target*0.5,IF(C13<9,Protein_Target*0.65,IF(C13<14,Protein_Target*0.8,IF(C13<19,Protein_Target*0.9,Protein_Target)))))) -> 0 | L13: =IF(A13="","",IF(E13<>"","Allergy noted","OK")) -> 0
G14: =IF(A14="","",IF(C14="",Calorie_Target,IF(C14<4,Calorie_Target*0.4,IF(C14<9,Calorie_Target*0.6,IF(C14<14,Calorie_Target*0.8,IF(C14<19,Calorie_Target*0.95,Calorie_Target)))))) -> 0 | H14: =IF(A14="","",IF(C14="",Protein_Target,IF(C14<4,Protein_Target*0.5,IF(C14<9,Protein_Target*0.65,IF(C14<14,Protein_Target*0.8,IF(C14<19,Protein_Target*0.9,Protein_Target)))))) -> 0 | L14: =IF(A14="","",IF(E14<>"","Allergy noted","OK")) -> 0
G15: =IF(A15="","",IF(C15="",Calorie_Target,IF(C15<4,Calorie_Target*0.4,IF(C15<9,Calorie_Target*0.6,IF(C15<14,Calorie_Target*0.8,IF(C15<19,Calorie_Target*0.95,Calorie_Target)))))) -> 0 | H15: =IF(A15="","",IF(C15="",Protein_Target,IF(C15<4,Protein_Target*0.5,IF(C15<9,Protein_Target*0.65,IF(C15<14,Protein_Target*0.8,IF(C15<19,Protein_Target*0.9,Protein_Target)))))) -> 0 | L15: =IF(A15="","",IF(E15<>"","Allergy noted","OK")) -> 0
G16: =IF(A16="","",IF(C16="",Calorie_Target,IF(C16<4,Calorie_Target*0.4,IF(C16<9,Calorie_Target*0.6,IF(C16<14,Calorie_Target*0.8,IF(C16<19,Calorie_Target*0.95,Calorie_Target)))))) -> 0 | H16: =IF(A16="","",IF(C16="",Protein_Target,IF(C16<4,Protein_Target*0.5,IF(C16<9,Protein_Target*0.65,IF(C16<14,Protein_Target*0.8,IF(C16<19,Protein_Target*0.9,Protein_Target)))))) -> 0 | L16: =IF(A16="","",IF(E16<>"","Allergy noted","OK")) -> 0

Sheet Recipes
A4: Recipe | B4: Category | C4: Cuisine | D4: Servings | E4: Prep (min) | F4: Cook (min) | G4: Total (min) | H4: Calories | I4: Protein (g) | J4: Carbs (g) | K4: Fat (g) | L4: Fibre (g) | M4: Sugar (g) | N4: Sodium (mg) | O4: Ingredients | P4: Total cost | Q4: Cost / serving | R4: Cost / 1000 kcal | S4: kcal / $ | T4: Protein / $ | U4: kcal / 10 min | V4: Match score | W4: Times cooked | X4: Last cooked | Y4: Days since | Z4: Rotation | AA4: Plan flag | AB4: Favourite | AC4: Vegetarian | AD4: Vegan | AE4: Gluten free | AF4: Dairy free | AG4: Nut free | AH4: Kid friendly | AI4: Batch cook | AJ4: Freezer | AK4: Quick (30 min) | AL4: Season | AM4: Added on | AN4: Rating (1-5) | AO4: Source | AP4: Link | AQ4: Tags | AR4: Notes | AS4: Calorie rank | AT4: Protein rank | AU4: Fibre rank | AV4: Cost rank | AW4: Match rank | AX4: Rotation rank | AY4: Popularity rank
G5: =IF(A5="","",E5+F5) -> 0 | O5: =IF(A5="","",COUNTIFS('Recipe Ingredients'!$A$5:$A$1204,A5)) -> 0 | P5: =IF(A5="","",SUMIFS('Recipe Ingredients'!$H$5:$H$1204,'Recipe Ingredients'!$A$5:$A$1204,A5)) -> 0 | Q5: =IF(OR(A5="",D5=0,D5=""),"",P5/D5) -> 0 | R5: =IF(OR(A5="",H5=0,H5=""),"",IFERROR(Q5/H5*1000,"")) -> 0 | S5: =IF(OR(A5="",Q5="",Q5=0),"",IFERROR(H5/Q5,"")) -> 0 | T5: =IF(OR(A5="",Q5="",Q5=0),"",IFERROR(I5/Q5,"")) -> 0 | U5: =IF(OR(A5="",G5="",G5=0),"",IFERROR(H5/G5*10,"")) -> 0 | V5: =IF(A5="","",(AC5="Yes")*1+(AD5="Yes")*1+(AE5="Yes")*1+(AF5="Yes")*1+(AG5="Yes")*1+(AH5="Yes")*1) -> 0 | W5: =IF(A5="","",COUNTIFS('Meal Plan'!$G$5:$G$504,A5,'Meal Plan'!$S$5:$S$504,"Cooked")+COUNTIFS('Meal Plan'!$G$5:$G$504,A5,'Meal Plan'!$S$5:$S$504,"Eaten")) -> 0 | X5: =IF(A5="","",IF(SUMPRODUCT(MAX(('Meal Plan'!$G$5:$G$504=A5)*'Meal Plan'!$B$5:$B$504))=0,"",SUMPRODUCT(MAX(('Meal Plan'!$G$5:$G$504=A5)*'Meal Plan'!$B$5:$B$504)))) -> 0 | Y5: =IF(OR(A5="",X5=""),"",TODAY()-X5) -> 0 | Z5: =IF(A5="","",IF(Y5="","Yes",IF(Y5>=Rotation_Gap_Days,"Yes","No"))) -> 0 | AA5: =IF(A5="","",IF(Z5="No","Too soon",IF(AND(AN5<>"",AN5>=4),"Plan it","Available"))) -> 0 | AK5: =IF(A5="","",IF(G5<=30,"Yes","No")) -> 0 | AS5: =IF(A5="","",COUNTIFS($H$5:$H$204,">"&H5)+1) -> 0 | AT5: =IF(A5="","",COUNTIFS($I$5:$I$204,">"&I5)+1) -> 0 | AU5: =IF(A5="","",COUNTIFS($L$5:$L$204,">"&L5)+1) -> 0 | AV5: =IF(OR(A5="",Q5=""),"",COUNTIFS($Q$5:$Q$204,"<"&Q5)+1) -> 0 | AW5: =IF(A5="","",COUNTIFS($V$5:$V$204,">"&V5)+1) -> 0 | AX5: =IF(A5="","",COUNTIFS($Y$5:$Y$204,"<"&Y5)+1) -> 0 | AY5: =IF(A5="","",COUNTIFS($W$5:$W$204,">"&W5)+1) -> 0
G6: =IF(A6="","",E6+F6) -> 0 | O6: =IF(A6="","",COUNTIFS('Recipe Ingredients'!$A$5:$A$1204,A6)) -> 0 | P6: =IF(A6="","",SUMIFS('Recipe Ingredients'!$H$5:$H$1204,'Recipe Ingredients'!$A$5:$A$1204,A6)) -> 0 | Q6: =IF(OR(A6="",D6=0,D6=""),"",P6/D6) -> 0 | R6: =IF(OR(A6="",H6=0,H6=""),"",IFERROR(Q6/H6*1000,"")) -> 0 | S6: =IF(OR(A6="",Q6="",Q6=0),"",IFERROR(H6/Q6,"")) -> 0 | T6: =IF(OR(A6="",Q6="",Q6=0),"",IFERROR(I6/Q6,"")) -> 0 | U6: =IF(OR(A6="",G6="",G6=0),"",IFERROR(H6/G6*10,"")) -> 0 | V6: =IF(A6="","",(AC6="Yes")*1+(AD6="Yes")*1+(AE6="Yes")*1+(AF6="Yes")*1+(AG6="Yes")*1+(AH6="Yes")*1) -> 0 | W6: =IF(A6="","",COUNTIFS('Meal Plan'!$G$5:$G$504,A6,'Meal Plan'!$S$5:$S$504,"Cooked")+COUNTIFS('Meal Plan'!$G$5:$G$504,A6,'Meal Plan'!$S$5:$S$504,"Eaten")) -> 0 | X6: =IF(A6="","",IF(SUMPRODUCT(MAX(('Meal Plan'!$G$5:$G$504=A6)*'Meal Plan'!$B$5:$B$504))=0,"",SUMPRODUCT(MAX(('Meal Plan'!$G$5:$G$504=A6)*'Meal Plan'!$B$5:$B$504)))) -> 0 | Y6: =IF(OR(A6="",X6=""),"",TODAY()-X6) -> 0 | Z6: =IF(A6="","",IF(Y6="","Yes",IF(Y6>=Rotation_Gap_Days,"Yes","No"))) -> 0 | AA6: =IF(A6="","",IF(Z6="No","Too soon",IF(AND(AN6<>"",AN6>=4),"Plan it","Available"))) -> 0 | AK6: =IF(A6="","",IF(G6<=30,"Yes","No")) -> 0 | AS6: =IF(A6="","",COUNTIFS($H$5:$H$204,">"&H6)+1) -> 0 | AT6: =IF(A6="","",COUNTIFS($I$5:$I$204,">"&I6)+1) -> 0 | AU6: =IF(A6="","",COUNTIFS($L$5:$L$204,">"&L6)+1) -> 0 | AV6: =IF(OR(A6="",Q6=""),"",COUNTIFS($Q$5:$Q$204,"<"&Q6)+1) -> 0 | AW6: =IF(A6="","",COUNTIFS($V$5:$V$204,">"&V6)+1) -> 0 | AX6: =IF(A6="","",COUNTIFS($Y$5:$Y$204,"<"&Y6)+1) -> 0 | AY6: =IF(A6="","",COUNTIFS($W$5:$W$204,">"&W6)+1) -> 0
G7: =IF(A7="","",E7+F7) -> 0 | O7: =IF(A7="","",COUNTIFS('Recipe Ingredients'!$A$5:$A$1204,A7)) -> 0 | P7: =IF(A7="","",SUMIFS('Recipe Ingredients'!$H$5:$H$1204,'Recipe Ingredients'!$A$5:$A$1204,A7)) -> 0 | Q7: =IF(OR(A7="",D7=0,D7=""),"",P7/D7) -> 0 | R7: =IF(OR(A7="",H7=0,H7=""),"",IFERROR(Q7/H7*1000,"")) -> 0 | S7: =IF(OR(A7="",Q7="",Q7=0),"",IFERROR(H7/Q7,"")) -> 0 | T7: =IF(OR(A7="",Q7="",Q7=0),"",IFERROR(I7/Q7,"")) -> 0 | U7: =IF(OR(A7="",G7="",G7=0),"",IFERROR(H7/G7*10,"")) -> 0 | V7: =IF(A7="","",(AC7="Yes")*1+(AD7="Yes")*1+(AE7="Yes")*1+(AF7="Yes")*1+(AG7="Yes")*1+(AH7="Yes")*1) -> 0 | W7: =IF(A7="","",COUNTIFS('Meal Plan'!$G$5:$G$504,A7,'Meal Plan'!$S$5:$S$504,"Cooked")+COUNTIFS('Meal Plan'!$G$5:$G$504,A7,'Meal Plan'!$S$5:$S$504,"Eaten")) -> 0 | X7: =IF(A7="","",IF(SUMPRODUCT(MAX(('Meal Plan'!$G$5:$G$504=A7)*'Meal Plan'!$B$5:$B$504))=0,"",SUMPRODUCT(MAX(('Meal Plan'!$G$5:$G$504=A7)*'Meal Plan'!$B$5:$B$504)))) -> 0 | Y7: =IF(OR(A7="",X7=""),"",TODAY()-X7) -> 0 | Z7: =IF(A7="","",IF(Y7="","Yes",IF(Y7>=Rotation_Gap_Days,"Yes","No"))) -> 0 | AA7: =IF(A7="","",IF(Z7="No","Too soon",IF(AND(AN7<>"",AN7>=4),"Plan it","Available"))) -> 0 | AK7: =IF(A7="","",IF(G7<=30,"Yes","No")) -> 0 | AS7: =IF(A7="","",COUNTIFS($H$5:$H$204,">"&H7)+1) -> 0 | AT7: =IF(A7="","",COUNTIFS($I$5:$I$204,">"&I7)+1) -> 0 | AU7: =IF(A7="","",COUNTIFS($L$5:$L$204,">"&L7)+1) -> 0 | AV7: =IF(OR(A7="",Q7=""),"",COUNTIFS($Q$5:$Q$204,"<"&Q7)+1) -> 0 | AW7: =IF(A7="","",COUNTIFS($V$5:$V$204,">"&V7)+1) -> 0 | AX7: =IF(A7="","",COUNTIFS($Y$5:$Y$204,"<"&Y7)+1) -> 0 | AY7: =IF(A7="","",COUNTIFS($W$5:$W$204,">"&W7)+1) -> 0
G8: =IF(A8="","",E8+F8) -> 0 | O8: =IF(A8="","",COUNTIFS('Recipe Ingredients'!$A$5:$A$1204,A8)) -> 0 | P8: =IF(A8="","",SUMIFS('Recipe Ingredients'!$H$5:$H$1204,'Recipe Ingredients'!$A$5:$A$1204,A8)) -> 0 | Q8: =IF(OR(A8="",D8=0,D8=""),"",P8/D8) -> 0 | R8: =IF(OR(A8="",H8=0,H8=""),"",IFERROR(Q8/H8*1000,"")) -> 0 | S8: =IF(OR(A8="",Q8="",Q8=0),"",IFERROR(H8/Q8,"")) -> 0 | T8: =IF(OR(A8="",Q8="",Q8=0),"",IFERROR(I8/Q8,"")) -> 0 | U8: =IF(OR(A8="",G8="",G8=0),"",IFERROR(H8/G8*10,"")) -> 0 | V8: =IF(A8="","",(AC8="Yes")*1+(AD8="Yes")*1+(AE8="Yes")*1+(AF8="Yes")*1+(AG8="Yes")*1+(AH8="Yes")*1) -> 0 | W8: =IF(A8="","",COUNTIFS('Meal Plan'!$G$5:$G$504,A8,'Meal Plan'!$S$5:$S$504,"Cooked")+COUNTIFS('Meal Plan'!$G$5:$G$504,A8,'Meal Plan'!$S$5:$S$504,"Eaten")) -> 0 | X8: =IF(A8="","",IF(SUMPRODUCT(MAX(('Meal Plan'!$G$5:$G$504=A8)*'Meal Plan'!$B$5:$B$504))=0,"",SUMPRODUCT(MAX(('Meal Plan'!$G$5:$G$504=A8)*'Meal Plan'!$B$5:$B$504)))) -> 0 | Y8: =IF(OR(A8="",X8=""),"",TODAY()-X8) -> 0 | Z8: =IF(A8="","",IF(Y8="","Yes",IF(Y8>=Rotation_Gap_Days,"Yes","No"))) -> 0 | AA8: =IF(A8="","",IF(Z8="No","Too soon",IF(AND(AN8<>"",AN8>=4),"Plan it","Available"))) -> 0 | AK8: =IF(A8="","",IF(G8<=30,"Yes","No")) -> 0 | AS8: =IF(A8="","",COUNTIFS($H$5:$H$204,">"&H8)+1) -> 0 | AT8: =IF(A8="","",COUNTIFS($I$5:$I$204,">"&I8)+1) -> 0 | AU8: =IF(A8="","",COUNTIFS($L$5:$L$204,">"&L8)+1) -> 0 | AV8: =IF(OR(A8="",Q8=""),"",COUNTIFS($Q$5:$Q$204,"<"&Q8)+1) -> 0 | AW8: =IF(A8="","",COUNTIFS($V$5:$V$204,">"&V8)+1) -> 0 | AX8: =IF(A8="","",COUNTIFS($Y$5:$Y$204,"<"&Y8)+1) -> 0 | AY8: =IF(A8="","",COUNTIFS($W$5:$W$204,">"&W8)+1) -> 0
G9: =IF(A9="","",E9+F9) -> 0 | O9: =IF(A9="","",COUNTIFS('Recipe Ingredients'!$A$5:$A$1204,A9)) -> 0 | P9: =IF(A9="","",SUMIFS('Recipe Ingredients'!$H$5:$H$1204,'Recipe Ingredients'!$A$5:$A$1204,A9)) -> 0 | Q9: =IF(OR(A9="",D9=0,D9=""),"",P9/D9) -> 0 | R9: =IF(OR(A9="",H9=0,H9=""),"",IFERROR(Q9/H9*1000,"")) -> 0 | S9: =IF(OR(A9="",Q9="",Q9=0),"",IFERROR(H9/Q9,"")) -> 0 | T9: =IF(OR(A9="",Q9="",Q9=0),"",IFERROR(I9/Q9,"")) -> 0 | U9: =IF(OR(A9="",G9="",G9=0),"",IFERROR(H9/G9*10,"")) -> 0 | V9: =IF(A9="","",(AC9="Yes")*1+(AD9="Yes")*1+(AE9="Yes")*1+(AF9="Yes")*1+(AG9="Yes")*1+(AH9="Yes")*1) -> 0 | W9: =IF(A9="","",COUNTIFS('Meal Plan'!$G$5:$G$504,A9,'Meal Plan'!$S$5:$S$504,"Cooked")+COUNTIFS('Meal Plan'!$G$5:$G$504,A9,'Meal Plan'!$S$5:$S$504,"Eaten")) -> 0 | X9: =IF(A9="","",IF(SUMPRODUCT(MAX(('Meal Plan'!$G$5:$G$504=A9)*'Meal Plan'!$B$5:$B$504))=0,"",SUMPRODUCT(MAX(('Meal Plan'!$G$5:$G$504=A9)*'Meal Plan'!$B$5:$B$504)))) -> 0 | Y9: =IF(OR(A9="",X9=""),"",TODAY()-X9) -> 0 | Z9: =IF(A9="","",IF(Y9="","Yes",IF(Y9>=Rotation_Gap_Days,"Yes","No"))) -> 0 | AA9: =IF(A9="","",IF(Z9="No","Too soon",IF(AND(AN9<>"",AN9>=4),"Plan it","Available"))) -> 0 | AK9: =IF(A9="","",IF(G9<=30,"Yes","No")) -> 0 | AS9: =IF(A9="","",COUNTIFS($H$5:$H$204,">"&H9)+1) -> 0 | AT9: =IF(A9="","",COUNTIFS($I$5:$I$204,">"&I9)+1) -> 0 | AU9: =IF(A9="","",COUNTIFS($L$5:$L$204,">"&L9)+1) -> 0 | AV9: =IF(OR(A9="",Q9=""),"",COUNTIFS($Q$5:$Q$204,"<"&Q9)+1) -> 0 | AW9: =IF(A9="","",COUNTIFS($V$5:$V$204,">"&V9)+1) -> 0 | AX9: =IF(A9="","",COUNTIFS($Y$5:$Y$204,"<"&Y9)+1) -> 0 | AY9: =IF(A9="","",COUNTIFS($W$5:$W$204,">"&W9)+1) -> 0
G10: =IF(A10="","",E10+F10) -> 0 | O10: =IF(A10="","",COUNTIFS('Recipe Ingredients'!$A$5:$A$1204,A10)) -> 0 | P10: =IF(A10="","",SUMIFS('Recipe Ingredients'!$H$5:$H$1204,'Recipe Ingredients'!$A$5:$A$1204,A10)) -> 0 | Q10: =IF(OR(A10="",D10=0,D10=""),"",P10/D10) -> 0 | R10: =IF(OR(A10="",H10=0,H10=""),"",IFERROR(Q10/H10*1000,"")) -> 0 | S10: =IF(OR(A10="",Q10="",Q10=0),"",IFERROR(H10/Q10,"")) -> 0 | T10: =IF(OR(A10="",Q10="",Q10=0),"",IFERROR(I10/Q10,"")) -> 0 | U10: =IF(OR(A10="",G10="",G10=0),"",IFERROR(H10/G10*10,"")) -> 0 | V10: =IF(A10="","",(AC10="Yes")*1+(AD10="Yes")*1+(AE10="Yes")*1+(AF10="Yes")*1+(AG10="Yes")*1+(AH10="Yes")*1) -> 0 | W10: =IF(A10="","",COUNTIFS('Meal Plan'!$G$5:$G$504,A10,'Meal Plan'!$S$5:$S$504,"Cooked")+COUNTIFS('Meal Plan'!$G$5:$G$504,A10,'Meal Plan'!$S$5:$S$504,"Eaten")) -> 0 | X10: =IF(A10="","",IF(SUMPRODUCT(MAX(('Meal Plan'!$G$5:$G$504=A10)*'Meal Plan'!$B$5:$B$504))=0,"",SUMPRODUCT(MAX(('Meal Plan'!$G$5:$G$504=A10)*'Meal Plan'!$B$5:$B$504)))) -> 0 | Y10: =IF(OR(A10="",X10=""),"",TODAY()-X10) -> 0 | Z10: =IF(A10="","",IF(Y10="","Yes",IF(Y10>=Rotation_Gap_Days,"Yes","No"))) -> 0 | AA10: =IF(A10="","",IF(Z10="No","Too soon",IF(AND(AN10<>"",AN10>=4),"Plan it","Available"))) -> 0 | AK10: =IF(A10="","",IF(G10<=30,"Yes","No")) -> 0 | AS10: =IF(A10="","",COUNTIFS($H$5:$H$204,">"&H10)+1) -> 0 | AT10: =IF(A10="","",COUNTIFS($I$5:$I$204,">"&I10)+1) -> 0 | AU10: =IF(A10="","",COUNTIFS($L$5:$L$204,">"&L10)+1) -> 0 | AV10: =IF(OR(A10="",Q10=""),"",COUNTIFS($Q$5:$Q$204,"<"&Q10)+1) -> 0 | AW10: =IF(A10="","",COUNTIFS($V$5:$V$204,">"&V10)+1) -> 0 | AX10: =IF(A10="","",COUNTIFS($Y$5:$Y$204,"<"&Y10)+1) -> 0 | AY10: =IF(A10="","",COUNTIFS($W$5:$W$204,">"&W10)+1) -> 0
G11: =IF(A11="","",E11+F11) -> 0 | O11: =IF(A11="","",COUNTIFS('Recipe Ingredients'!$A$5:$A$1204,A11)) -> 0 | P11: =IF(A11="","",SUMIFS('Recipe Ingredients'!$H$5:$H$1204,'Recipe Ingredients'!$A$5:$A$1204,A11)) -> 0 | Q11: =IF(OR(A11="",D11=0,D11=""),"",P11/D11) -> 0 | R11: =IF(OR(A11="",H11=0,H11=""),"",IFERROR(Q11/H11*1000,"")) -> 0 | S11: =IF(OR(A11="",Q11="",Q11=0),"",IFERROR(H11/Q11,"")) -> 0 | T11: =IF(OR(A11="",Q11="",Q11=0),"",IFERROR(I11/Q11,"")) -> 0 | U11: =IF(OR(A11="",G11="",G11=0),"",IFERROR(H11/G11*10,"")) -> 0 | V11: =IF(A11="","",(AC11="Yes")*1+(AD11="Yes")*1+(AE11="Yes")*1+(AF11="Yes")*1+(AG11="Yes")*1+(AH11="Yes")*1) -> 0 | W11: =IF(A11="","",COUNTIFS('Meal Plan'!$G$5:$G$504,A11,'Meal Plan'!$S$5:$S$504,"Cooked")+COUNTIFS('Meal Plan'!$G$5:$G$504,A11,'Meal Plan'!$S$5:$S$504,"Eaten")) -> 0 | X11: =IF(A11="","",IF(SUMPRODUCT(MAX(('Meal Plan'!$G$5:$G$504=A11)*'Meal Plan'!$B$5:$B$504))=0,"",SUMPRODUCT(MAX(('Meal Plan'!$G$5:$G$504=A11)*'Meal Plan'!$B$5:$B$504)))) -> 0 | Y11: =IF(OR(A11="",X11=""),"",TODAY()-X11) -> 0 | Z11: =IF(A11="","",IF(Y11="","Yes",IF(Y11>=Rotation_Gap_Days,"Yes","No"))) -> 0 | AA11: =IF(A11="","",IF(Z11="No","Too soon",IF(AND(AN11<>"",AN11>=4),"Plan it","Available"))) -> 0 | AK11: =IF(A11="","",IF(G11<=30,"Yes","No")) -> 0 | AS11: =IF(A11="","",COUNTIFS($H$5:$H$204,">"&H11)+1) -> 0 | AT11: =IF(A11="","",COUNTIFS($I$5:$I$204,">"&I11)+1) -> 0 | AU11: =IF(A11="","",COUNTIFS($L$5:$L$204,">"&L11)+1) -> 0 | AV11: =IF(OR(A11="",Q11=""),"",COUNTIFS($Q$5:$Q$204,"<"&Q11)+1) -> 0 | AW11: =IF(A11="","",COUNTIFS($V$5:$V$204,">"&V11)+1) -> 0 | AX11: =IF(A11="","",COUNTIFS($Y$5:$Y$204,"<"&Y11)+1) -> 0 | AY11: =IF(A11="","",COUNTIFS($W$5:$W$204,">"&W11)+1) -> 0
G12: =IF(A12="","",E12+F12) -> 0 | O12: =IF(A12="","",COUNTIFS('Recipe Ingredients'!$A$5:$A$1204,A12)) -> 0 | P12: =IF(A12="","",SUMIFS('Recipe Ingredients'!$H$5:$H$1204,'Recipe Ingredients'!$A$5:$A$1204,A12)) -> 0 | Q12: =IF(OR(A12="",D12=0,D12=""),"",P12/D12) -> 0 | R12: =IF(OR(A12="",H12=0,H12=""),"",IFERROR(Q12/H12*1000,"")) -> 0 | S12: =IF(OR(A12="",Q12="",Q12=0),"",IFERROR(H12/Q12,"")) -> 0 | T12: =IF(OR(A12="",Q12="",Q12=0),"",IFERROR(I12/Q12,"")) -> 0 | U12: =IF(OR(A12="",G12="",G12=0),"",IFERROR(H12/G12*10,"")) -> 0 | V12: =IF(A12="","",(AC12="Yes")*1+(AD12="Yes")*1+(AE12="Yes")*1+(AF12="Yes")*1+(AG12="Yes")*1+(AH12="Yes")*1) -> 0 | W12: =IF(A12="","",COUNTIFS('Meal Plan'!$G$5:$G$504,A12,'Meal Plan'!$S$5:$S$504,"Cooked")+COUNTIFS('Meal Plan'!$G$5:$G$504,A12,'Meal Plan'!$S$5:$S$504,"Eaten")) -> 0 | X12: =IF(A12="","",IF(SUMPRODUCT(MAX(('Meal Plan'!$G$5:$G$504=A12)*'Meal Plan'!$B$5:$B$504))=0,"",SUMPRODUCT(MAX(('Meal Plan'!$G$5:$G$504=A12)*'Meal Plan'!$B$5:$B$504)))) -> 0 | Y12: =IF(OR(A12="",X12=""),"",TODAY()-X12) -> 0 | Z12: =IF(A12="","",IF(Y12="","Yes",IF(Y12>=Rotation_Gap_Days,"Yes","No"))) -> 0 | AA12: =IF(A12="","",IF(Z12="No","Too soon",IF(AND(AN12<>"",AN12>=4),"Plan it","Available"))) -> 0 | AK12: =IF(A12="","",IF(G12<=30,"Yes","No")) -> 0 | AS12: =IF(A12="","",COUNTIFS($H$5:$H$204,">"&H12)+1) -> 0 | AT12: =IF(A12="","",COUNTIFS($I$5:$I$204,">"&I12)+1) -> 0 | AU12: =IF(A12="","",COUNTIFS($L$5:$L$204,">"&L12)+1) -> 0 | AV12: =IF(OR(A12="",Q12=""),"",COUNTIFS($Q$5:$Q$204,"<"&Q12)+1) -> 0 | AW12: =IF(A12="","",COUNTIFS($V$5:$V$204,">"&V12)+1) -> 0 | AX12: =IF(A12="","",COUNTIFS($Y$5:$Y$204,"<"&Y12)+1) -> 0 | AY12: =IF(A12="","",COUNTIFS($W$5:$W$204,">"&W12)+1) -> 0
G13: =IF(A13="","",E13+F13) -> 0 | O13: =IF(A13="","",COUNTIFS('Recipe Ingredients'!$A$5:$A$1204,A13)) -> 0 | P13: =IF(A13="","",SUMIFS('Recipe Ingredients'!$H$5:$H$1204,'Recipe Ingredients'!$A$5:$A$1204,A13)) -> 0 | Q13: =IF(OR(A13="",D13=0,D13=""),"",P13/D13) -> 0 | R13: =IF(OR(A13="",H13=0,H13=""),"",IFERROR(Q13/H13*1000,"")) -> 0 | S13: =IF(OR(A13="",Q13="",Q13=0),"",IFERROR(H13/Q13,"")) -> 0 | T13: =IF(OR(A13="",Q13="",Q13=0),"",IFERROR(I13/Q13,"")) -> 0 | U13: =IF(OR(A13="",G13="",G13=0),"",IFERROR(H13/G13*10,"")) -> 0 | V13: =IF(A13="","",(AC13="Yes")*1+(AD13="Yes")*1+(AE13="Yes")*1+(AF13="Yes")*1+(AG13="Yes")*1+(AH13="Yes")*1) -> 0 | W13: =IF(A13="","",COUNTIFS('Meal Plan'!$G$5:$G$504,A13,'Meal Plan'!$S$5:$S$504,"Cooked")+COUNTIFS('Meal Plan'!$G$5:$G$504,A13,'Meal Plan'!$S$5:$S$504,"Eaten")) -> 0 | X13: =IF(A13="","",IF(SUMPRODUCT(MAX(('Meal Plan'!$G$5:$G$504=A13)*'Meal Plan'!$B$5:$B$504))=0,"",SUMPRODUCT(MAX(('Meal Plan'!$G$5:$G$504=A13)*'Meal Plan'!$B$5:$B$504)))) -> 0 | Y13: =IF(OR(A13="",X13=""),"",TODAY()-X13) -> 0 | Z13: =IF(A13="","",IF(Y13="","Yes",IF(Y13>=Rotation_Gap_Days,"Yes","No"))) -> 0 | AA13: =IF(A13="","",IF(Z13="No","Too soon",IF(AND(AN13<>"",AN13>=4),"Plan it","Available"))) -> 0 | AK13: =IF(A13="","",IF(G13<=30,"Yes","No")) -> 0 | AS13: =IF(A13="","",COUNTIFS($H$5:$H$204,">"&H13)+1) -> 0 | AT13: =IF(A13="","",COUNTIFS($I$5:$I$204,">"&I13)+1) -> 0 | AU13: =IF(A13="","",COUNTIFS($L$5:$L$204,">"&L13)+1) -> 0 | AV13: =IF(OR(A13="",Q13=""),"",COUNTIFS($Q$5:$Q$204,"<"&Q13)+1) -> 0 | AW13: =IF(A13="","",COUNTIFS($V$5:$V$204,">"&V13)+1) -> 0 | AX13: =IF(A13="","",COUNTIFS($Y$5:$Y$204,"<"&Y13)+1) -> 0 | AY13: =IF(A13="","",COUNTIFS($W$5:$W$204,">"&W13)+1) -> 0
G14: =IF(A14="","",E14+F14) -> 0 | O14: =IF(A14="","",COUNTIFS('Recipe Ingredients'!$A$5:$A$1204,A14)) -> 0 | P14: =IF(A14="","",SUMIFS('Recipe Ingredients'!$H$5:$H$1204,'Recipe Ingredients'!$A$5:$A$1204,A14)) -> 0 | Q14: =IF(OR(A14="",D14=0,D14=""),"",P14/D14) -> 0 | R14: =IF(OR(A14="",H14=0,H14=""),"",IFERROR(Q14/H14*1000,"")) -> 0 | S14: =IF(OR(A14="",Q14="",Q14=0),"",IFERROR(H14/Q14,"")) -> 0 | T14: =IF(OR(A14="",Q14="",Q14=0),"",IFERROR(I14/Q14,"")) -> 0 | U14: =IF(OR(A14="",G14="",G14=0),"",IFERROR(H14/G14*10,"")) -> 0 | V14: =IF(A14="","",(AC14="Yes")*1+(AD14="Yes")*1+(AE14="Yes")*1+(AF14="Yes")*1+(AG14="Yes")*1+(AH14="Yes")*1) -> 0 | W14: =IF(A14="","",COUNTIFS('Meal Plan'!$G$5:$G$504,A14,'Meal Plan'!$S$5:$S$504,"Cooked")+COUNTIFS('Meal Plan'!$G$5:$G$504,A14,'Meal Plan'!$S$5:$S$504,"Eaten")) -> 0 | X14: =IF(A14="","",IF(SUMPRODUCT(MAX(('Meal Plan'!$G$5:$G$504=A14)*'Meal Plan'!$B$5:$B$504))=0,"",SUMPRODUCT(MAX(('Meal Plan'!$G$5:$G$504=A14)*'Meal Plan'!$B$5:$B$504)))) -> 0 | Y14: =IF(OR(A14="",X14=""),"",TODAY()-X14) -> 0 | Z14: =IF(A14="","",IF(Y14="","Yes",IF(Y14>=Rotation_Gap_Days,"Yes","No"))) -> 0 | AA14: =IF(A14="","",IF(Z14="No","Too soon",IF(AND(AN14<>"",AN14>=4),"Plan it","Available"))) -> 0 | AK14: =IF(A14="","",IF(G14<=30,"Yes","No")) -> 0 | AS14: =IF(A14="","",COUNTIFS($H$5:$H$204,">"&H14)+1) -> 0 | AT14: =IF(A14="","",COUNTIFS($I$5:$I$204,">"&I14)+1) -> 0 | AU14: =IF(A14="","",COUNTIFS($L$5:$L$204,">"&L14)+1) -> 0 | AV14: =IF(OR(A14="",Q14=""),"",COUNTIFS($Q$5:$Q$204,"<"&Q14)+1) -> 0 | AW14: =IF(A14="","",COUNTIFS($V$5:$V$204,">"&V14)+1) -> 0 | AX14: =IF(A14="","",COUNTIFS($Y$5:$Y$204,"<"&Y14)+1) -> 0 | AY14: =IF(A14="","",COUNTIFS($W$5:$W$204,">"&W14)+1) -> 0
G15: =IF(A15="","",E15+F15) -> 0 | O15: =IF(A15="","",COUNTIFS('Recipe Ingredients'!$A$5:$A$1204,A15)) -> 0 | P15: =IF(A15="","",SUMIFS('Recipe Ingredients'!$H$5:$H$1204,'Recipe Ingredients'!$A$5:$A$1204,A15)) -> 0 | Q15: =IF(OR(A15="",D15=0,D15=""),"",P15/D15) -> 0 | R15: =IF(OR(A15="",H15=0,H15=""),"",IFERROR(Q15/H15*1000,"")) -> 0 | S15: =IF(OR(A15="",Q15="",Q15=0),"",IFERROR(H15/Q15,"")) -> 0 | T15: =IF(OR(A15="",Q15="",Q15=0),"",IFERROR(I15/Q15,"")) -> 0 | U15: =IF(OR(A15="",G15="",G15=0),"",IFERROR(H15/G15*10,"")) -> 0 | V15: =IF(A15="","",(AC15="Yes")*1+(AD15="Yes")*1+(AE15="Yes")*1+(AF15="Yes")*1+(AG15="Yes")*1+(AH15="Yes")*1) -> 0 | W15: =IF(A15="","",COUNTIFS('Meal Plan'!$G$5:$G$504,A15,'Meal Plan'!$S$5:$S$504,"Cooked")+COUNTIFS('Meal Plan'!$G$5:$G$504,A15,'Meal Plan'!$S$5:$S$504,"Eaten")) -> 0 | X15: =IF(A15="","",IF(SUMPRODUCT(MAX(('Meal Plan'!$G$5:$G$504=A15)*'Meal Plan'!$B$5:$B$504))=0,"",SUMPRODUCT(MAX(('Meal Plan'!$G$5:$G$504=A15)*'Meal Plan'!$B$5:$B$504)))) -> 0 | Y15: =IF(OR(A15="",X15=""),"",TODAY()-X15) -> 0 | Z15: =IF(A15="","",IF(Y15="","Yes",IF(Y15>=Rotation_Gap_Days,"Yes","No"))) -> 0 | AA15: =IF(A15="","",IF(Z15="No","Too soon",IF(AND(AN15<>"",AN15>=4),"Plan it","Available"))) -> 0 | AK15: =IF(A15="","",IF(G15<=30,"Yes","No")) -> 0 | AS15: =IF(A15="","",COUNTIFS($H$5:$H$204,">"&H15)+1) -> 0 | AT15: =IF(A15="","",COUNTIFS($I$5:$I$204,">"&I15)+1) -> 0 | AU15: =IF(A15="","",COUNTIFS($L$5:$L$204,">"&L15)+1) -> 0 | AV15: =IF(OR(A15="",Q15=""),"",COUNTIFS($Q$5:$Q$204,"<"&Q15)+1) -> 0 | AW15: =IF(A15="","",COUNTIFS($V$5:$V$204,">"&V15)+1) -> 0 | AX15: =IF(A15="","",COUNTIFS($Y$5:$Y$204,"<"&Y15)+1) -> 0 | AY15: =IF(A15="","",COUNTIFS($W$5:$W$204,">"&W15)+1) -> 0
G16: =IF(A16="","",E16+F16) -> 0 | O16: =IF(A16="","",COUNTIFS('Recipe Ingredients'!$A$5:$A$1204,A16)) -> 0 | P16: =IF(A16="","",SUMIFS('Recipe Ingredients'!$H$5:$H$1204,'Recipe Ingredients'!$A$5:$A$1204,A16)) -> 0 | Q16: =IF(OR(A16="",D16=0,D16=""),"",P16/D16) -> 0 | R16: =IF(OR(A16="",H16=0,H16=""),"",IFERROR(Q16/H16*1000,"")) -> 0 | S16: =IF(OR(A16="",Q16="",Q16=0),"",IFERROR(H16/Q16,"")) -> 0 | T16: =IF(OR(A16="",Q16="",Q16=0),"",IFERROR(I16/Q16,"")) -> 0 | U16: =IF(OR(A16="",G16="",G16=0),"",IFERROR(H16/G16*10,"")) -> 0 | V16: =IF(A16="","",(AC16="Yes")*1+(AD16="Yes")*1+(AE16="Yes")*1+(AF16="Yes")*1+(AG16="Yes")*1+(AH16="Yes")*1) -> 0 | W16: =IF(A16="","",COUNTIFS('Meal Plan'!$G$5:$G$504,A16,'Meal Plan'!$S$5:$S$504,"Cooked")+COUNTIFS('Meal Plan'!$G$5:$G$504,A16,'Meal Plan'!$S$5:$S$504,"Eaten")) -> 0 | X16: =IF(A16="","",IF(SUMPRODUCT(MAX(('Meal Plan'!$G$5:$G$504=A16)*'Meal Plan'!$B$5:$B$504))=0,"",SUMPRODUCT(MAX(('Meal Plan'!$G$5:$G$504=A16)*'Meal Plan'!$B$5:$B$504)))) -> 0 | Y16: =IF(OR(A16="",X16=""),"",TODAY()-X16) -> 0 | Z16: =IF(A16="","",IF(Y16="","Yes",IF(Y16>=Rotation_Gap_Days,"Yes","No"))) -> 0 | AA16: =IF(A16="","",IF(Z16="No","Too soon",IF(AND(AN16<>"",AN16>=4),"Plan it","Available"))) -> 0 | AK16: =IF(A16="","",IF(G16<=30,"Yes","No")) -> 0 | AS16: =IF(A16="","",COUNTIFS($H$5:$H$204,">"&H16)+1) -> 0 | AT16: =IF(A16="","",COUNTIFS($I$5:$I$204,">"&I16)+1) -> 0 | AU16: =IF(A16="","",COUNTIFS($L$5:$L$204,">"&L16)+1) -> 0 | AV16: =IF(OR(A16="",Q16=""),"",COUNTIFS($Q$5:$Q$204,"<"&Q16)+1) -> 0 | AW16: =IF(A16="","",COUNTIFS($V$5:$V$204,">"&V16)+1) -> 0 | AX16: =IF(A16="","",COUNTIFS($Y$5:$Y$204,"<"&Y16)+1) -> 0 | AY16: =IF(A16="","",COUNTIFS($W$5:$W$204,">"&W16)+1) -> 0
... G204: =IF(A204="","",E204+F204) -> 0 | O204: =IF(A204="","",COUNTIFS('Recipe Ingredients'!$A$5:$A$1204,A204)) -> 0 | P204: =IF(A204="","",SUMIFS('Recipe Ingredients'!$H$5:$H$1204,'Recipe Ingredients'!$A$5:$A$1204,A204)) -> 0 | Q204: =IF(OR(A204="",D204=0,D204=""),"",P204/D204) -> 0 | R204: =IF(OR(A204="",H204=0,H204=""),"",IFERROR(Q204/H204*1000,"")) -> 0 | S204: =IF(OR(A204="",Q204="",Q204=0),"",IFERROR(H204/Q204,"")) -> 0 | T204: =IF(OR(A204="",Q204="",Q204=0),"",IFERROR(I204/Q204,"")) -> 0 | U204: =IF(OR(A204="",G204="",G204=0),"",IFERROR(H204/G204*10,"")) -> 0 | V204: =IF(A204="","",(AC204="Yes")*1+(AD204="Yes")*1+(AE204="Yes")*1+(AF204="Yes")*1+(AG204="Yes")*1+(AH204="Yes")*1) -> 0 | W204: =IF(A204="","",COUNTIFS('Meal Plan'!$G$5:$G$504,A204,'Meal Plan'!$S$5:$S$504,"Cooked")+COUNTIFS('Meal Plan'!$G$5:$G$504,A204,'Meal Plan'!$S$5:$S$504,"Eaten")) -> 0 | X204: =IF(A204="","",IF(SUMPRODUCT(MAX(('Meal Plan'!$G$5:$G$504=A204)*'Meal Plan'!$B$5:$B$504))=0,"",SUMPRODUCT(MAX(('Meal Plan'!$G$5:$G$504=A204)*'Meal Plan'!$B$5:$B$504)))) -> 0 | Y204: =IF(OR(A204="",X204=""),"",TODAY()-X204) -> 0 | Z204: =IF(A204="","",IF(Y204="","Yes",IF(Y204>=Rotation_Gap_Days,"Yes","No"))) -> 0 | AA204: =IF(A204="","",IF(Z204="No","Too soon",IF(AND(AN204<>"",AN204>=4),"Plan it","Available"))) -> 0 | AK204: =IF(A204="","",IF(G204<=30,"Yes","No")) -> 0 | AS204: =IF(A204="","",COUNTIFS($H$5:$H$204,">"&H204)+1) -> 0 | AT204: =IF(A204="","",COUNTIFS($I$5:$I$204,">"&I204)+1) -> 0 | AU204: =IF(A204="","",COUNTIFS($L$5:$L$204,">"&L204)+1) -> 0 | AV204: =IF(OR(A204="",Q204=""),"",COUNTIFS($Q$5:$Q$204,"<"&Q204)+1) -> 0 | AW204: =IF(A204="","",COUNTIFS($V$5:$V$204,">"&V204)+1) -> 0 | AX204: =IF(A204="","",COUNTIFS($Y$5:$Y$204,"<"&Y204)+1) -> 0 | AY204: =IF(A204="","",COUNTIFS($W$5:$W$204,">"&W204)+1) -> 0

Sheet Recipe Ingredients
A4: Recipe | B4: Ingredient | C4: Quantity | D4: Unit | E4: Category | F4: Best store | G4: Price / unit | H4: Line cost | I4: Recipe servings | J4: Cost / serving | K4: Calories | L4: Protein (g) | M4: Carbs (g) | N4: Fat (g) | O4: Fibre (g) | P4: Share of cost | Q4: Cost rank | R4: In pantry | S4: To buy | T4: Pack size | U4: Pack cost | V4: Packs needed | W4: Organic | X4: Waste % | Y4: Qty incl. waste | Z4: Staple | AA4: Status | AB4: Line in recipe | AC4: Diet check | AD4: Notes
E5: =IF(B5="","",IFERROR(INDEX(Ingredients!$B$5:$B$304,MATCH(B5,Ingredients!$A$5:$A$304,0)),"")) -> 0 | F5: =IF(B5="","",IFERROR(INDEX(Ingredients!$E$5:$E$304,MATCH(B5,Ingredients!$A$5:$A$304,0)),"")) -> 0 | G5: =IF(B5="","",IFERROR(INDEX(Ingredients!$D$5:$D$304,MATCH(B5,Ingredients!$A$5:$A$304,0)),"")) -> 0 | H5: =IF(OR(B5="",C5=""),"",IFERROR(C5*G5,"")) -> 0 | I5: =IF(A5="","",IFERROR(INDEX(Recipes!$D$5:$D$204,MATCH(A5,Recipes!$A$5:$A$204,0)),"")) -> 0 | J5: =IF(OR(H5="",I5="",I5=0),"",IFERROR(H5/I5,"")) -> 0 | K5: =IF(OR(B5="",C5=""),"",IFERROR(C5*IFERROR(INDEX(Ingredients!$H$5:$H$304,MATCH(B5,Ingredients!$A$5:$A$304,0)),""),"")) -> 0 | L5: =IF(OR(B5="",C5=""),"",IFERROR(C5*IFERROR(INDEX(Ingredients!$I$5:$I$304,MATCH(B5,Ingredients!$A$5:$A$304,0)),""),"")) -> 0 | M5: =IF(OR(B5="",C5=""),"",IFERROR(C5*IFERROR(INDEX(Ingredients!$J$5:$J$304,MATCH(B5,Ingredients!$A$5:$A$304,0)),""),"")) -> 0 | N5: =IF(OR(B5="",C5=""),"",IFERROR(C5*IFERROR(INDEX(Ingredients!$K$5:$K$304,MATCH(B5,Ingredients!$A$5:$A$304,0)),""),"")) -> 0 | O5: =IF(OR(B5="",C5=""),"",IFERROR(C5*IFERROR(INDEX(Ingredients!$L$5:$L$304,MATCH(B5,Ingredients!$A$5:$A$304,0)),""),"")) -> 0 | P5: =IF(OR(H5="",A5=""),"",IFERROR(H5/SUMIFS('Recipe Ingredients'!$H$5:$H$1204,'Recipe Ingredients'!$A$5:$A$1204,A5),"")) -> 0 | Q5: =IF(H5="","",COUNTIFS($H$5:$H$1204,">"&H5)+1) -> 0 | R5: =IF(B5="","",SUMIFS(Pantry!$C$5:$C$304,Pantry!$A$5:$A$304,B5)) -> 0 | S5: =IF(OR(B5="",C5=""),"",MAX(0,C5-R5)) -> 0 | U5: =IF(OR(T5="",T5=0,G5=""),"",T5*G5) -> 0 | V5: =IF(OR(S5="",T5="",T5=0),"",CEILING(S5/T5,1)) -> 0 | Y5: =IF(OR(C5="",X5=""),"",C5*(1+X5)) -> 0 | Z5: =IF(B5="","",IFERROR(INDEX(Ingredients!$O$5:$O$304,MATCH(B5,Ingredients!$A$5:$A$304,0)),"")) -> 0 | AA5: =IF(B5="","",IF(R5>=C5,"In pantry","To buy")) -> 0 | AB5: =IF(A5="","",COUNTIFS($A$5:A5,A5)) -> 0 | AC5: =IF(B5="","",IF(COUNTIFS('Dietary Filters'!$C$5:$C$104,B5)>0,"Check","OK")) -> 0
E6: =IF(B6="","",IFERROR(INDEX(Ingredients!$B$5:$B$304,MATCH(B6,Ingredients!$A$5:$A$304,0)),"")) -> 0 | F6: =IF(B6="","",IFERROR(INDEX(Ingredients!$E$5:$E$304,MATCH(B6,Ingredients!$A$5:$A$304,0)),"")) -> 0 | G6: =IF(B6="","",IFERROR(INDEX(Ingredients!$D$5:$D$304,MATCH(B6,Ingredients!$A$5:$A$304,0)),"")) -> 0 | H6: =IF(OR(B6="",C6=""),"",IFERROR(C6*G6,"")) -> 0 | I6: =IF(A6="","",IFERROR(INDEX(Recipes!$D$5:$D$204,MATCH(A6,Recipes!$A$5:$A$204,0)),"")) -> 0 | J6: =IF(OR(H6="",I6="",I6=0),"",IFERROR(H6/I6,"")) -> 0 | K6: =IF(OR(B6="",C6=""),"",IFERROR(C6*IFERROR(INDEX(Ingredients!$H$5:$H$304,MATCH(B6,Ingredients!$A$5:$A$304,0)),""),"")) -> 0 | L6: =IF(OR(B6="",C6=""),"",IFERROR(C6*IFERROR(INDEX(Ingredients!$I$5:$I$304,MATCH(B6,Ingredients!$A$5:$A$304,0)),""),"")) -> 0 | M6: =IF(OR(B6="",C6=""),"",IFERROR(C6*IFERROR(INDEX(Ingredients!$J$5:$J$304,MATCH(B6,Ingredients!$A$5:$A$304,0)),""),"")) -> 0 | N6: =IF(OR(B6="",C6=""),"",IFERROR(C6*IFERROR(INDEX(Ingredients!$K$5:$K$304,MATCH(B6,Ingredients!$A$5:$A$304,0)),""),"")) -> 0 | O6: =IF(OR(B6="",C6=""),"",IFERROR(C6*IFERROR(INDEX(Ingredients!$L$5:$L$304,MATCH(B6,Ingredients!$A$5:$A$304,0)),""),"")) -> 0 | P6: =IF(OR(H6="",A6=""),"",IFERROR(H6/SUMIFS('Recipe Ingredients'!$H$5:$H$1204,'Recipe Ingredients'!$A$5:$A$1204,A6),"")) -> 0 | Q6: =IF(H6="","",COUNTIFS($H$5:$H$1204,">"&H6)+1) -> 0 | R6: =IF(B6="","",SUMIFS(Pantry!$C$5:$C$304,Pantry!$A$5:$A$304,B6)) -> 0 | S6: =IF(OR(B6="",C6=""),"",MAX(0,C6-R6)) -> 0 | U6: =IF(OR(T6="",T6=0,G6=""),"",T6*G6) -> 0 | V6: =IF(OR(S6="",T6="",T6=0),"",CEILING(S6/T6,1)) -> 0 | Y6: =IF(OR(C6="",X6=""),"",C6*(1+X6)) -> 0 | Z6: =IF(B6="","",IFERROR(INDEX(Ingredients!$O$5:$O$304,MATCH(B6,Ingredients!$A$5:$A$304,0)),"")) -> 0 | AA6: =IF(B6="","",IF(R6>=C6,"In pantry","To buy")) -> 0 | AB6: =IF(A6="","",COUNTIFS($A$5:A6,A6)) -> 0 | AC6: =IF(B6="","",IF(COUNTIFS('Dietary Filters'!$C$5:$C$104,B6)>0,"Check","OK")) -> 0
E7: =IF(B7="","",IFERROR(INDEX(Ingredients!$B$5:$B$304,MATCH(B7,Ingredients!$A$5:$A$304,0)),"")) -> 0 | F7: =IF(B7="","",IFERROR(INDEX(Ingredients!$E$5:$E$304,MATCH(B7,Ingredients!$A$5:$A$304,0)),"")) -> 0 | G7: =IF(B7="","",IFERROR(INDEX(Ingredients!$D$5:$D$304,MATCH(B7,Ingredients!$A$5:$A$304,0)),"")) -> 0 | H7: =IF(OR(B7="",C7=""),"",IFERROR(C7*G7,"")) -> 0 | I7: =IF(A7="","",IFERROR(INDEX(Recipes!$D$5:$D$204,MATCH(A7,Recipes!$A$5:$A$204,0)),"")) -> 0 | J7: =IF(OR(H7="",I7="",I7=0),"",IFERROR(H7/I7,"")) -> 0 | K7: =IF(OR(B7="",C7=""),"",IFERROR(C7*IFERROR(INDEX(Ingredients!$H$5:$H$304,MATCH(B7,Ingredients!$A$5:$A$304,0)),""),"")) -> 0 | L7: =IF(OR(B7="",C7=""),"",IFERROR(C7*IFERROR(INDEX(Ingredients!$I$5:$I$304,MATCH(B7,Ingredients!$A$5:$A$304,0)),""),"")) -> 0 | M7: =IF(OR(B7="",C7=""),"",IFERROR(C7*IFERROR(INDEX(Ingredients!$J$5:$J$304,MATCH(B7,Ingredients!$A$5:$A$304,0)),""),"")) -> 0 | N7: =IF(OR(B7="",C7=""),"",IFERROR(C7*IFERROR(INDEX(Ingredients!$K$5:$K$304,MATCH(B7,Ingredients!$A$5:$A$304,0)),""),"")) -> 0 | O7: =IF(OR(B7="",C7=""),"",IFERROR(C7*IFERROR(INDEX(Ingredients!$L$5:$L$304,MATCH(B7,Ingredients!$A$5:$A$304,0)),""),"")) -> 0 | P7: =IF(OR(H7="",A7=""),"",IFERROR(H7/SUMIFS('Recipe Ingredients'!$H$5:$H$1204,'Recipe Ingredients'!$A$5:$A$1204,A7),"")) -> 0 | Q7: =IF(H7="","",COUNTIFS($H$5:$H$1204,">"&H7)+1) -> 0 | R7: =IF(B7="","",SUMIFS(Pantry!$C$5:$C$304,Pantry!$A$5:$A$304,B7)) -> 0 | S7: =IF(OR(B7="",C7=""),"",MAX(0,C7-R7)) -> 0 | U7: =IF(OR(T7="",T7=0,G7=""),"",T7*G7) -> 0 | V7: =IF(OR(S7="",T7="",T7=0),"",CEILING(S7/T7,1)) -> 0 | Y7: =IF(OR(C7="",X7=""),"",C7*(1+X7)) -> 0 | Z7: =IF(B7="","",IFERROR(INDEX(Ingredients!$O$5:$O$304,MATCH(B7,Ingredients!$A$5:$A$304,0)),"")) -> 0 | AA7: =IF(B7="","",IF(R7>=C7,"In pantry","To buy")) -> 0 | AB7: =IF(A7="","",COUNTIFS($A$5:A7,A7)) -> 0 | AC7: =IF(B7="","",IF(COUNTIFS('Dietary Filters'!$C$5:$C$104,B7)>0,"Check","OK")) -> 0
E8: =IF(B8="","",IFERROR(INDEX(Ingredients!$B$5:$B$304,MATCH(B8,Ingredients!$A$5:$A$304,0)),"")) -> 0 | F8: =IF(B8="","",IFERROR(INDEX(Ingredients!$E$5:$E$304,MATCH(B8,Ingredients!$A$5:$A$304,0)),"")) -> 0 | G8: =IF(B8="","",IFERROR(INDEX(Ingredients!$D$5:$D$304,MATCH(B8,Ingredients!$A$5:$A$304,0)),"")) -> 0 | H8: =IF(OR(B8="",C8=""),"",IFERROR(C8*G8,"")) -> 0 | I8: =IF(A8="","",IFERROR(INDEX(Recipes!$D$5:$D$204,MATCH(A8,Recipes!$A$5:$A$204,0)),"")) -> 0 | J8: =IF(OR(H8="",I8="",I8=0),"",IFERROR(H8/I8,"")) -> 0 | K8: =IF(OR(B8="",C8=""),"",IFERROR(C8*IFERROR(INDEX(Ingredients!$H$5:$H$304,MATCH(B8,Ingredients!$A$5:$A$304,0)),""),"")) -> 0 | L8: =IF(OR(B8="",C8=""),"",IFERROR(C8*IFERROR(INDEX(Ingredients!$I$5:$I$304,MATCH(B8,Ingredients!$A$5:$A$304,0)),""),"")) -> 0 | M8: =IF(OR(B8="",C8=""),"",IFERROR(C8*IFERROR(INDEX(Ingredients!$J$5:$J$304,MATCH(B8,Ingredients!$A$5:$A$304,0)),""),"")) -> 0 | N8: =IF(OR(B8="",C8=""),"",IFERROR(C8*IFERROR(INDEX(Ingredients!$K$5:$K$304,MATCH(B8,Ingredients!$A$5:$A$304,0)),""),"")) -> 0 | O8: =IF(OR(B8="",C8=""),"",IFERROR(C8*IFERROR(INDEX(Ingredients!$L$5:$L$304,MATCH(B8,Ingredients!$A$5:$A$304,0)),""),"")) -> 0 | P8: =IF(OR(H8="",A8=""),"",IFERROR(H8/SUMIFS('Recipe Ingredients'!$H$5:$H$1204,'Recipe Ingredients'!$A$5:$A$1204,A8),"")) -> 0 | Q8: =IF(H8="","",COUNTIFS($H$5:$H$1204,">"&H8)+1) -> 0 | R8: =IF(B8="","",SUMIFS(Pantry!$C$5:$C$304,Pantry!$A$5:$A$304,B8)) -> 0 | S8: =IF(OR(B8="",C8=""),"",MAX(0,C8-R8)) -> 0 | U8: =IF(OR(T8="",T8=0,G8=""),"",T8*G8) -> 0 | V8: =IF(OR(S8="",T8="",T8=0),"",CEILING(S8/T8,1)) -> 0 | Y8: =IF(OR(C8="",X8=""),"",C8*(1+X8)) -> 0 | Z8: =IF(B8="","",IFERROR(INDEX(Ingredients!$O$5:$O$304,MATCH(B8,Ingredients!$A$5:$A$304,0)),"")) -> 0 | AA8: =IF(B8="","",IF(R8>=C8,"In pantry","To buy")) -> 0 | AB8: =IF(A8="","",COUNTIFS($A$5:A8,A8)) -> 0 | AC8: =IF(B8="","",IF(COUNTIFS('Dietary Filters'!$C$5:$C$104,B8)>0,"Check","OK")) -> 0
E9: =IF(B9="","",IFERROR(INDEX(Ingredients!$B$5:$B$304,MATCH(B9,Ingredients!$A$5:$A$304,0)),"")) -> 0 | F9: =IF(B9="","",IFERROR(INDEX(Ingredients!$E$5:$E$304,MATCH(B9,Ingredients!$A$5:$A$304,0)),"")) -> 0 | G9: =IF(B9="","",IFERROR(INDEX(Ingredients!$D$5:$D$304,MATCH(B9,Ingredients!$A$5:$A$304,0)),"")) -> 0 | H9: =IF(OR(B9="",C9=""),"",IFERROR(C9*G9,"")) -> 0 | I9: =IF(A9="","",IFERROR(INDEX(Recipes!$D$5:$D$204,MATCH(A9,Recipes!$A$5:$A$204,0)),"")) -> 0 | J9: =IF(OR(H9="",I9="",I9=0),"",IFERROR(H9/I9,"")) -> 0 | K9: =IF(OR(B9="",C9=""),"",IFERROR(C9*IFERROR(INDEX(Ingredients!$H$5:$H$304,MATCH(B9,Ingredients!$A$5:$A$304,0)),""),"")) -> 0 | L9: =IF(OR(B9="",C9=""),"",IFERROR(C9*IFERROR(INDEX(Ingredients!$I$5:$I$304,MATCH(B9,Ingredients!$A$5:$A$304,0)),""),"")) -> 0 | M9: =IF(OR(B9="",C9=""),"",IFERROR(C9*IFERROR(INDEX(Ingredients!$J$5:$J$304,MATCH(B9,Ingredients!$A$5:$A$304,0)),""),"")) -> 0 | N9: =IF(OR(B9="",C9=""),"",IFERROR(C9*IFERROR(INDEX(Ingredients!$K$5:$K$304,MATCH(B9,Ingredients!$A$5:$A$304,0)),""),"")) -> 0 | O9: =IF(OR(B9="",C9=""),"",IFERROR(C9*IFERROR(INDEX(Ingredients!$L$5:$L$304,MATCH(B9,Ingredients!$A$5:$A$304,0)),""),"")) -> 0 | P9: =IF(OR(H9="",A9=""),"",IFERROR(H9/SUMIFS('Recipe Ingredients'!$H$5:$H$1204,'Recipe Ingredients'!$A$5:$A$1204,A9),"")) -> 0 | Q9: =IF(H9="","",COUNTIFS($H$5:$H$1204,">"&H9)+1) -> 0 | R9: =IF(B9="","",SUMIFS(Pantry!$C$5:$C$304,Pantry!$A$5:$A$304,B9)) -> 0 | S9: =IF(OR(B9="",C9=""),"",MAX(0,C9-R9)) -> 0 | U9: =IF(OR(T9="",T9=0,G9=""),"",T9*G9) -> 0 | V9: =IF(OR(S9="",T9="",T9=0),"",CEILING(S9/T9,1)) -> 0 | Y9: =IF(OR(C9="",X9=""),"",C9*(1+X9)) -> 0 | Z9: =IF(B9="","",IFERROR(INDEX(Ingredients!$O$5:$O$304,MATCH(B9,Ingredients!$A$5:$A$304,0)),"")) -> 0 | AA9: =IF(B9="","",IF(R9>=C9,"In pantry","To buy")) -> 0 | AB9: =IF(A9="","",COUNTIFS($A$5:A9,A9)) -> 0 | AC9: =IF(B9="","",IF(COUNTIFS('Dietary Filters'!$C$5:$C$104,B9)>0,"Check","OK")) -> 0
E10: =IF(B10="","",IFERROR(INDEX(Ingredients!$B$5:$B$304,MATCH(B10,Ingredients!$A$5:$A$304,0)),"")) -> 0 | F10: =IF(B10="","",IFERROR(INDEX(Ingredients!$E$5:$E$304,MATCH(B10,Ingredients!$A$5:$A$304,0)),"")) -> 0 | G10: =IF(B10="","",IFERROR(INDEX(Ingredients!$D$5:$D$304,MATCH(B10,Ingredients!$A$5:$A$304,0)),"")) -> 0 | H10: =IF(OR(B10="",C10=""),"",IFERROR(C10*G10,"")) -> 0 | I10: =IF(A10="","",IFERROR(INDEX(Recipes!$D$5:$D$204,MATCH(A10,Recipes!$A$5:$A$204,0)),"")) -> 0 | J10: =IF(OR(H10="",I10="",I10=0),"",IFERROR(H10/I10,"")) -> 0 | K10: =IF(OR(B10="",C10=""),"",IFERROR(C10*IFERROR(INDEX(Ingredients!$H$5:$H$304,MATCH(B10,Ingredients!$A$5:$A$304,0)),""),"")) -> 0 | L10: =IF(OR(B10="",C10=""),"",IFERROR(C10*IFERROR(INDEX(Ingredients!$I$5:$I$304,MATCH(B10,Ingredients!$A$5:$A$304,0)),""),"")) -> 0 | M10: =IF(OR(B10="",C10=""),"",IFERROR(C10*IFERROR(INDEX(Ingredients!$J$5:$J$304,MATCH(B10,Ingredients!$A$5:$A$304,0)),""),"")) -> 0 | N10: =IF(OR(B10="",C10=""),"",IFERROR(C10*IFERROR(INDEX(Ingredients!$K$5:$K$304,MATCH(B10,Ingredients!$A$5:$A$304,0)),""),"")) -> 0 | O10: =IF(OR(B10="",C10=""),"",IFERROR(C10*IFERROR(INDEX(Ingredients!$L$5:$L$304,MATCH(B10,Ingredients!$A$5:$A$304,0)),""),"")) -> 0 | P10: =IF(OR(H10="",A10=""),"",IFERROR(H10/SUMIFS('Recipe Ingredients'!$H$5:$H$1204,'Recipe Ingredients'!$A$5:$A$1204,A10),"")) -> 0 | Q10: =IF(H10="","",COUNTIFS($H$5:$H$1204,">"&H10)+1) -> 0 | R10: =IF(B10="","",SUMIFS(Pantry!$C$5:$C$304,Pantry!$A$5:$A$304,B10)) -> 0 | S10: =IF(OR(B10="",C10=""),"",MAX(0,C10-R10)) -> 0 | U10: =IF(OR(T10="",T10=0,G10=""),"",T10*G10) -> 0 | V10: =IF(OR(S10="",T10="",T10=0),"",CEILING(S10/T10,1)) -> 0 | Y10: =IF(OR(C10="",X10=""),"",C10*(1+X10)) -> 0 | Z10: =IF(B10="","",IFERROR(INDEX(Ingredients!$O$5:$O$304,MATCH(B10,Ingredients!$A$5:$A$304,0)),"")) -> 0 | AA10: =IF(B10="","",IF(R10>=C10,"In pantry","To buy")) -> 0 | AB10: =IF(A10="","",COUNTIFS($A$5:A10,A10)) -> 0 | AC10: =IF(B10="","",IF(COUNTIFS('Dietary Filters'!$C$5:$C$104,B10)>0,"Check","OK")) -> 0
E11: =IF(B11="","",IFERROR(INDEX(Ingredients!$B$5:$B$304,MATCH(B11,Ingredients!$A$5:$A$304,0)),"")) -> 0 | F11: =IF(B11="","",IFERROR(INDEX(Ingredients!$E$5:$E$304,MATCH(B11,Ingredients!$A$5:$A$304,0)),"")) -> 0 | G11: =IF(B11="","",IFERROR(INDEX(Ingredients!$D$5:$D$304,MATCH(B11,Ingredients!$A$5:$A$304,0)),"")) -> 0 | H11: =IF(OR(B11="",C11=""),"",IFERROR(C11*G11,"")) -> 0 | I11: =IF(A11="","",IFERROR(INDEX(Recipes!$D$5:$D$204,MATCH(A11,Recipes!$A$5:$A$204,0)),"")) -> 0 | J11: =IF(OR(H11="",I11="",I11=0),"",IFERROR(H11/I11,"")) -> 0 | K11: =IF(OR(B11="",C11=""),"",IFERROR(C11*IFERROR(INDEX(Ingredients!$H$5:$H$304,MATCH(B11,Ingredients!$A$5:$A$304,0)),""),"")) -> 0 | L11: =IF(OR(B11="",C11=""),"",IFERROR(C11*IFERROR(INDEX(Ingredients!$I$5:$I$304,MATCH(B11,Ingredients!$A$5:$A$304,0)),""),"")) -> 0 | M11: =IF(OR(B11="",C11=""),"",IFERROR(C11*IFERROR(INDEX(Ingredients!$J$5:$J$304,MATCH(B11,Ingredients!$A$5:$A$304,0)),""),"")) -> 0 | N11: =IF(OR(B11="",C11=""),"",IFERROR(C11*IFERROR(INDEX(Ingredients!$K$5:$K$304,MATCH(B11,Ingredients!$A$5:$A$304,0)),""),"")) -> 0 | O11: =IF(OR(B11="",C11=""),"",IFERROR(C11*IFERROR(INDEX(Ingredients!$L$5:$L$304,MATCH(B11,Ingredients!$A$5:$A$304,0)),""),"")) -> 0 | P11: =IF(OR(H11="",A11=""),"",IFERROR(H11/SUMIFS('Recipe Ingredients'!$H$5:$H$1204,'Recipe Ingredients'!$A$5:$A$1204,A11),"")) -> 0 | Q11: =IF(H11="","",COUNTIFS($H$5:$H$1204,">"&H11)+1) -> 0 | R11: =IF(B11="","",SUMIFS(Pantry!$C$5:$C$304,Pantry!$A$5:$A$304,B11)) -> 0 | S11: =IF(OR(B11="",C11=""),"",MAX(0,C11-R11)) -> 0 | U11: =IF(OR(T11="",T11=0,G11=""),"",T11*G11) -> 0 | V11: =IF(OR(S11="",T11="",T11=0),"",CEILING(S11/T11,1)) -> 0 | Y11: =IF(OR(C11="",X11=""),"",C11*(1+X11)) -> 0 | Z11: =IF(B11="","",IFERROR(INDEX(Ingredients!$O$5:$O$304,MATCH(B11,Ingredients!$A$5:$A$304,0)),"")) -> 0 | AA11: =IF(B11="","",IF(R11>=C11,"In pantry","To buy")) -> 0 | AB11: =IF(A11="","",COUNTIFS($A$5:A11,A11)) -> 0 | AC11: =IF(B11="","",IF(COUNTIFS('Dietary Filters'!$C$5:$C$104,B11)>0,"Check","OK")) -> 0
E12: =IF(B12="","",IFERROR(INDEX(Ingredients!$B$5:$B$304,MATCH(B12,Ingredients!$A$5:$A$304,0)),"")) -> 0 | F12: =IF(B12="","",IFERROR(INDEX(Ingredients!$E$5:$E$304,MATCH(B12,Ingredients!$A$5:$A$304,0)),"")) -> 0 | G12: =IF(B12="","",IFERROR(INDEX(Ingredients!$D$5:$D$304,MATCH(B12,Ingredients!$A$5:$A$304,0)),"")) -> 0 | H12: =IF(OR(B12="",C12=""),"",IFERROR(C12*G12,"")) -> 0 | I12: =IF(A12="","",IFERROR(INDEX(Recipes!$D$5:$D$204,MATCH(A12,Recipes!$A$5:$A$204,0)),"")) -> 0 | J12: =IF(OR(H12="",I12="",I12=0),"",IFERROR(H12/I12,"")) -> 0 | K12: =IF(OR(B12="",C12=""),"",IFERROR(C12*IFERROR(INDEX(Ingredients!$H$5:$H$304,MATCH(B12,Ingredients!$A$5:$A$304,0)),""),"")) -> 0 | L12: =IF(OR(B12="",C12=""),"",IFERROR(C12*IFERROR(INDEX(Ingredients!$I$5:$I$304,MATCH(B12,Ingredients!$A$5:$A$304,0)),""),"")) -> 0 | M12: =IF(OR(B12="",C12=""),"",IFERROR(C12*IFERROR(INDEX(Ingredients!$J$5:$J$304,MATCH(B12,Ingredients!$A$5:$A$304,0)),""),"")) -> 0 | N12: =IF(OR(B12="",C12=""),"",IFERROR(C12*IFERROR(INDEX(Ingredients!$K$5:$K$304,MATCH(B12,Ingredients!$A$5:$A$304,0)),""),"")) -> 0 | O12: =IF(OR(B12="",C12=""),"",IFERROR(C12*IFERROR(INDEX(Ingredients!$L$5:$L$304,MATCH(B12,Ingredients!$A$5:$A$304,0)),""),"")) -> 0 | P12: =IF(OR(H12="",A12=""),"",IFERROR(H12/SUMIFS('Recipe Ingredients'!$H$5:$H$1204,'Recipe Ingredients'!$A$5:$A$1204,A12),"")) -> 0 | Q12: =IF(H12="","",COUNTIFS($H$5:$H$1204,">"&H12)+1) -> 0 | R12: =IF(B12="","",SUMIFS(Pantry!$C$5:$C$304,Pantry!$A$5:$A$304,B12)) -> 0 | S12: =IF(OR(B12="",C12=""),"",MAX(0,C12-R12)) -> 0 | U12: =IF(OR(T12="",T12=0,G12=""),"",T12*G12) -> 0 | V12: =IF(OR(S12="",T12="",T12=0),"",CEILING(S12/T12,1)) -> 0 | Y12: =IF(OR(C12="",X12=""),"",C12*(1+X12)) -> 0 | Z12: =IF(B12="","",IFERROR(INDEX(Ingredients!$O$5:$O$304,MATCH(B12,Ingredients!$A$5:$A$304,0)),"")) -> 0 | AA12: =IF(B12="","",IF(R12>=C12,"In pantry","To buy")) -> 0 | AB12: =IF(A12="","",COUNTIFS($A$5:A12,A12)) -> 0 | AC12: =IF(B12="","",IF(COUNTIFS('Dietary Filters'!$C$5:$C$104,B12)>0,"Check","OK")) -> 0
E13: =IF(B13="","",IFERROR(INDEX(Ingredients!$B$5:$B$304,MATCH(B13,Ingredients!$A$5:$A$304,0)),"")) -> 0 | F13: =IF(B13="","",IFERROR(INDEX(Ingredients!$E$5:$E$304,MATCH(B13,Ingredients!$A$5:$A$304,0)),"")) -> 0 | G13: =IF(B13="","",IFERROR(INDEX(Ingredients!$D$5:$D$304,MATCH(B13,Ingredients!$A$5:$A$304,0)),"")) -> 0 | H13: =IF(OR(B13="",C13=""),"",IFERROR(C13*G13,"")) -> 0 | I13: =IF(A13="","",IFERROR(INDEX(Recipes!$D$5:$D$204,MATCH(A13,Recipes!$A$5:$A$204,0)),"")) -> 0 | J13: =IF(OR(H13="",I13="",I13=0),"",IFERROR(H13/I13,"")) -> 0 | K13: =IF(OR(B13="",C13=""),"",IFERROR(C13*IFERROR(INDEX(Ingredients!$H$5:$H$304,MATCH(B13,Ingredients!$A$5:$A$304,0)),""),"")) -> 0 | L13: =IF(OR(B13="",C13=""),"",IFERROR(C13*IFERROR(INDEX(Ingredients!$I$5:$I$304,MATCH(B13,Ingredients!$A$5:$A$304,0)),""),"")) -> 0 | M13: =IF(OR(B13="",C13=""),"",IFERROR(C13*IFERROR(INDEX(Ingredients!$J$5:$J$304,MATCH(B13,Ingredients!$A$5:$A$304,0)),""),"")) -> 0 | N13: =IF(OR(B13="",C13=""),"",IFERROR(C13*IFERROR(INDEX(Ingredients!$K$5:$K$304,MATCH(B13,Ingredients!$A$5:$A$304,0)),""),"")) -> 0 | O13: =IF(OR(B13="",C13=""),"",IFERROR(C13*IFERROR(INDEX(Ingredients!$L$5:$L$304,MATCH(B13,Ingredients!$A$5:$A$304,0)),""),"")) -> 0 | P13: =IF(OR(H13="",A13=""),"",IFERROR(H13/SUMIFS('Recipe Ingredients'!$H$5:$H$1204,'Recipe Ingredients'!$A$5:$A$1204,A13),"")) -> 0 | Q13: =IF(H13="","",COUNTIFS($H$5:$H$1204,">"&H13)+1) -> 0 | R13: =IF(B13="","",SUMIFS(Pantry!$C$5:$C$304,Pantry!$A$5:$A$304,B13)) -> 0 | S13: =IF(OR(B13="",C13=""),"",MAX(0,C13-R13)) -> 0 | U13: =IF(OR(T13="",T13=0,G13=""),"",T13*G13) -> 0 | V13: =IF(OR(S13="",T13="",T13=0),"",CEILING(S13/T13,1)) -> 0 | Y13: =IF(OR(C13="",X13=""),"",C13*(1+X13)) -> 0 | Z13: =IF(B13="","",IFERROR(INDEX(Ingredients!$O$5:$O$304,MATCH(B13,Ingredients!$A$5:$A$304,0)),"")) -> 0 | AA13: =IF(B13="","",IF(R13>=C13,"In pantry","To buy")) -> 0 | AB13: =IF(A13="","",COUNTIFS($A$5:A13,A13)) -> 0 | AC13: =IF(B13="","",IF(COUNTIFS('Dietary Filters'!$C$5:$C$104,B13)>0,"Check","OK")) -> 0
E14: =IF(B14="","",IFERROR(INDEX(Ingredients!$B$5:$B$304,MATCH(B14,Ingredients!$A$5:$A$304,0)),"")) -> 0 | F14: =IF(B14="","",IFERROR(INDEX(Ingredients!$E$5:$E$304,MATCH(B14,Ingredients!$A$5:$A$304,0)),"")) -> 0 | G14: =IF(B14="","",IFERROR(INDEX(Ingredients!$D$5:$D$304,MATCH(B14,Ingredients!$A$5:$A$304,0)),"")) -> 0 | H14: =IF(OR(B14="",C14=""),"",IFERROR(C14*G14,"")) -> 0 | I14: =IF(A14="","",IFERROR(INDEX(Recipes!$D$5:$D$204,MATCH(A14,Recipes!$A$5:$A$204,0)),"")) -> 0 | J14: =IF(OR(H14="",I14="",I14=0),"",IFERROR(H14/I14,"")) -> 0 | K14: =IF(OR(B14="",C14=""),"",IFERROR(C14*IFERROR(INDEX(Ingredients!$H$5:$H$304,MATCH(B14,Ingredients!$A$5:$A$304,0)),""),"")) -> 0 | L14: =IF(OR(B14="",C14=""),"",IFERROR(C14*IFERROR(INDEX(Ingredients!$I$5:$I$304,MATCH(B14,Ingredients!$A$5:$A$304,0)),""),"")) -> 0 | M14: =IF(OR(B14="",C14=""),"",IFERROR(C14*IFERROR(INDEX(Ingredients!$J$5:$J$304,MATCH(B14,Ingredients!$A$5:$A$304,0)),""),"")) -> 0 | N14: =IF(OR(B14="",C14=""),"",IFERROR(C14*IFERROR(INDEX(Ingredients!$K$5:$K$304,MATCH(B14,Ingredients!$A$5:$A$304,0)),""),"")) -> 0 | O14: =IF(OR(B14="",C14=""),"",IFERROR(C14*IFERROR(INDEX(Ingredients!$L$5:$L$304,MATCH(B14,Ingredients!$A$5:$A$304,0)),""),"")) -> 0 | P14: =IF(OR(H14="",A14=""),"",IFERROR(H14/SUMIFS('Recipe Ingredients'!$H$5:$H$1204,'Recipe Ingredients'!$A$5:$A$1204,A14),"")) -> 0 | Q14: =IF(H14="","",COUNTIFS($H$5:$H$1204,">"&H14)+1) -> 0 | R14: =IF(B14="","",SUMIFS(Pantry!$C$5:$C$304,Pantry!$A$5:$A$304,B14)) -> 0 | S14: =IF(OR(B14="",C14=""),"",MAX(0,C14-R14)) -> 0 | U14: =IF(OR(T14="",T14=0,G14=""),"",T14*G14) -> 0 | V14: =IF(OR(S14="",T14="",T14=0),"",CEILING(S14/T14,1)) -> 0 | Y14: =IF(OR(C14="",X14=""),"",C14*(1+X14)) -> 0 | Z14: =IF(B14="","",IFERROR(INDEX(Ingredients!$O$5:$O$304,MATCH(B14,Ingredients!$A$5:$A$304,0)),"")) -> 0 | AA14: =IF(B14="","",IF(R14>=C14,"In pantry","To buy")) -> 0 | AB14: =IF(A14="","",COUNTIFS($A$5:A14,A14)) -> 0 | AC14: =IF(B14="","",IF(COUNTIFS('Dietary Filters'!$C$5:$C$104,B14)>0,"Check","OK")) -> 0
E15: =IF(B15="","",IFERROR(INDEX(Ingredients!$B$5:$B$304,MATCH(B15,Ingredients!$A$5:$A$304,0)),"")) -> 0 | F15: =IF(B15="","",IFERROR(INDEX(Ingredients!$E$5:$E$304,MATCH(B15,Ingredients!$A$5:$A$304,0)),"")) -> 0 | G15: =IF(B15="","",IFERROR(INDEX(Ingredients!$D$5:$D$304,MATCH(B15,Ingredients!$A$5:$A$304,0)),"")) -> 0 | H15: =IF(OR(B15="",C15=""),"",IFERROR(C15*G15,"")) -> 0 | I15: =IF(A15="","",IFERROR(INDEX(Recipes!$D$5:$D$204,MATCH(A15,Recipes!$A$5:$A$204,0)),"")) -> 0 | J15: =IF(OR(H15="",I15="",I15=0),"",IFERROR(H15/I15,"")) -> 0 | K15: =IF(OR(B15="",C15=""),"",IFERROR(C15*IFERROR(INDEX(Ingredients!$H$5:$H$304,MATCH(B15,Ingredients!$A$5:$A$304,0)),""),"")) -> 0 | L15: =IF(OR(B15="",C15=""),"",IFERROR(C15*IFERROR(INDEX(Ingredients!$I$5:$I$304,MATCH(B15,Ingredients!$A$5:$A$304,0)),""),"")) -> 0 | M15: =IF(OR(B15="",C15=""),"",IFERROR(C15*IFERROR(INDEX(Ingredients!$J$5:$J$304,MATCH(B15,Ingredients!$A$5:$A$304,0)),""),"")) -> 0 | N15: =IF(OR(B15="",C15=""),"",IFERROR(C15*IFERROR(INDEX(Ingredients!$K$5:$K$304,MATCH(B15,Ingredients!$A$5:$A$304,0)),""),"")) -> 0 | O15: =IF(OR(B15="",C15=""),"",IFERROR(C15*IFERROR(INDEX(Ingredients!$L$5:$L$304,MATCH(B15,Ingredients!$A$5:$A$304,0)),""),"")) -> 0 | P15: =IF(OR(H15="",A15=""),"",IFERROR(H15/SUMIFS('Recipe Ingredients'!$H$5:$H$1204,'Recipe Ingredients'!$A$5:$A$1204,A15),"")) -> 0 | Q15: =IF(H15="","",COUNTIFS($H$5:$H$1204,">"&H15)+1) -> 0 | R15: =IF(B15="","",SUMIFS(Pantry!$C$5:$C$304,Pantry!$A$5:$A$304,B15)) -> 0 | S15: =IF(OR(B15="",C15=""),"",MAX(0,C15-R15)) -> 0 | U15: =IF(OR(T15="",T15=0,G15=""),"",T15*G15) -> 0 | V15: =IF(OR(S15="",T15="",T15=0),"",CEILING(S15/T15,1)) -> 0 | Y15: =IF(OR(C15="",X15=""),"",C15*(1+X15)) -> 0 | Z15: =IF(B15="","",IFERROR(INDEX(Ingredients!$O$5:$O$304,MATCH(B15,Ingredients!$A$5:$A$304,0)),"")) -> 0 | AA15: =IF(B15="","",IF(R15>=C15,"In pantry","To buy")) -> 0 | AB15: =IF(A15="","",COUNTIFS($A$5:A15,A15)) -> 0 | AC15: =IF(B15="","",IF(COUNTIFS('Dietary Filters'!$C$5:$C$104,B15)>0,"Check","OK")) -> 0
E16: =IF(B16="","",IFERROR(INDEX(Ingredients!$B$5:$B$304,MATCH(B16,Ingredients!$A$5:$A$304,0)),"")) -> 0 | F16: =IF(B16="","",IFERROR(INDEX(Ingredients!$E$5:$E$304,MATCH(B16,Ingredients!$A$5:$A$304,0)),"")) -> 0 | G16: =IF(B16="","",IFERROR(INDEX(Ingredients!$D$5:$D$304,MATCH(B16,Ingredients!$A$5:$A$304,0)),"")) -> 0 | H16: =IF(OR(B16="",C16=""),"",IFERROR(C16*G16,"")) -> 0 | I16: =IF(A16="","",IFERROR(INDEX(Recipes!$D$5:$D$204,MATCH(A16,Recipes!$A$5:$A$204,0)),"")) -> 0 | J16: =IF(OR(H16="",I16="",I16=0),"",IFERROR(H16/I16,"")) -> 0 | K16: =IF(OR(B16="",C16=""),"",IFERROR(C16*IFERROR(INDEX(Ingredients!$H$5:$H$304,MATCH(B16,Ingredients!$A$5:$A$304,0)),""),"")) -> 0 | L16: =IF(OR(B16="",C16=""),"",IFERROR(C16*IFERROR(INDEX(Ingredients!$I$5:$I$304,MATCH(B16,Ingredients!$A$5:$A$304,0)),""),"")) -> 0 | M16: =IF(OR(B16="",C16=""),"",IFERROR(C16*IFERROR(INDEX(Ingredients!$J$5:$J$304,MATCH(B16,Ingredients!$A$5:$A$304,0)),""),"")) -> 0 | N16: =IF(OR(B16="",C16=""),"",IFERROR(C16*IFERROR(INDEX(Ingredients!$K$5:$K$304,MATCH(B16,Ingredients!$A$5:$A$304,0)),""),"")) -> 0 | O16: =IF(OR(B16="",C16=""),"",IFERROR(C16*IFERROR(INDEX(Ingredients!$L$5:$L$304,MATCH(B16,Ingredients!$A$5:$A$304,0)),""),"")) -> 0 | P16: =IF(OR(H16="",A16=""),"",IFERROR(H16/SUMIFS('Recipe Ingredients'!$H$5:$H$1204,'Recipe Ingredients'!$A$5:$A$1204,A16),"")) -> 0 | Q16: =IF(H16="","",COUNTIFS($H$5:$H$1204,">"&H16)+1) -> 0 | R16: =IF(B16="","",SUMIFS(Pantry!$C$5:$C$304,Pantry!$A$5:$A$304,B16)) -> 0 | S16: =IF(OR(B16="",C16=""),"",MAX(0,C16-R16)) -> 0 | U16: =IF(OR(T16="",T16=0,G16=""),"",T16*G16) -> 0 | V16: =IF(OR(S16="",T16="",T16=0),"",CEILING(S16/T16,1)) -> 0 | Y16: =IF(OR(C16="",X16=""),"",C16*(1+X16)) -> 0 | Z16: =IF(B16="","",IFERROR(INDEX(Ingredients!$O$5:$O$304,MATCH(B16,Ingredients!$A$5:$A$304,0)),"")) -> 0 | AA16: =IF(B16="","",IF(R16>=C16,"In pantry","To buy")) -> 0 | AB16: =IF(A16="","",COUNTIFS($A$5:A16,A16)) -> 0 | AC16: =IF(B16="","",IF(COUNTIFS('Dietary Filters'!$C$5:$C$104,B16)>0,"Check","OK")) -> 0
... E1204: =IF(B1204="","",IFERROR(INDEX(Ingredients!$B$5:$B$304,MATCH(B1204,Ingredients!$A$5:$A$304,0)),"")) -> 0 | F1204: =IF(B1204="","",IFERROR(INDEX(Ingredients!$E$5:$E$304,MATCH(B1204,Ingredients!$A$5:$A$304,0)),"")) -> 0 | G1204: =IF(B1204="","",IFERROR(INDEX(Ingredients!$D$5:$D$304,MATCH(B1204,Ingredients!$A$5:$A$304,0)),"")) -> 0 | H1204: =IF(OR(B1204="",C1204=""),"",IFERROR(C1204*G1204,"")) -> 0 | I1204: =IF(A1204="","",IFERROR(INDEX(Recipes!$D$5:$D$204,MATCH(A1204,Recipes!$A$5:$A$204,0)),"")) -> 0 | J1204: =IF(OR(H1204="",I1204="",I1204=0),"",IFERROR(H1204/I1204,"")) -> 0 | K1204: =IF(OR(B1204="",C1204=""),"",IFERROR(C1204*IFERROR(INDEX(Ingredients!$H$5:$H$304,MATCH(B1204,Ingredients!$A$5:$A$304,0)),""),"")) -> 0 | L1204: =IF(OR(B1204="",C1204=""),"",IFERROR(C1204*IFERROR(INDEX(Ingredients!$I$5:$I$304,MATCH(B1204,Ingredients!$A$5:$A$304,0)),""),"")) -> 0 | M1204: =IF(OR(B1204="",C1204=""),"",IFERROR(C1204*IFERROR(INDEX(Ingredients!$J$5:$J$304,MATCH(B1204,Ingredients!$A$5:$A$304,0)),""),"")) -> 0 | N1204: =IF(OR(B1204="",C1204=""),"",IFERROR(C1204*IFERROR(INDEX(Ingredients!$K$5:$K$304,MATCH(B1204,Ingredients!$A$5:$A$304,0)),""),"")) -> 0 | O1204: =IF(OR(B1204="",C1204=""),"",IFERROR(C1204*IFERROR(INDEX(Ingredients!$L$5:$L$304,MATCH(B1204,Ingredients!$A$5:$A$304,0)),""),"")) -> 0 | P1204: =IF(OR(H1204="",A1204=""),"",IFERROR(H1204/SUMIFS('Recipe Ingredients'!$H$5:$H$1204,'Recipe Ingredients'!$A$5:$A$1204,A1204),"")) -> 0 | Q1204: =IF(H1204="","",COUNTIFS($H$5:$H$1204,">"&H1204)+1) -> 0 | R1204: =IF(B1204="","",SUMIFS(Pantry!$C$5:$C$304,Pantry!$A$5:$A$304,B1204)) -> 0 | S1204: =IF(OR(B1204="",C1204=""),"",MAX(0,C1204-R1204)) -> 0 | U1204: =IF(OR(T1204="",T1204=0,G1204=""),"",T1204*G1204) -> 0 | V1204: =IF(OR(S1204="",T1204="",T1204=0),"",CEILING(S1204/T1204,1)) -> 0 | Y1204: =IF(OR(C1204="",X1204=""),"",C1204*(1+X1204)) -> 0 | Z1204: =IF(B1204="","",IFERROR(INDEX(Ingredients!$O$5:$O$304,MATCH(B1204,Ingredients!$A$5:$A$304,0)),"")) -> 0 | AA1204: =IF(B1204="","",IF(R1204>=C1204,"In pantry","To buy")) -> 0 | AB1204: =IF(A1204="","",COUNTIFS($A$5:A1204,A1204)) -> 0 | AC1204: =IF(B1204="","",IF(COUNTIFS('Dietary Filters'!$C$5:$C$104,B1204)>0,"Check","OK")) -> 0

Sheet Ingredients
A4: Ingredient | B4: Category | C4: Unit | D4: Price / unit | E4: Usual store | F4: Pack size | G4: Price per unit | H4: Calories / unit | I4: Protein / unit | J4: Carbs / unit | K4: Fat / unit | L4: Fibre / unit | M4: Shelf life (days) | N4: Storage | O4: Staple | P4: Organic | Q4: Season | R4: Allergens | S4: In pantry | T4: On list | U4: Needed this week | V4: Used in recipes | W4: Qty used in recipes | X4: Weeks of stock | Y4: Need score | Z4: Need rank | AA4: Buy this week | AB4: Pantry value | AC4: Spend rank | AD4: Wasted qty | AE4: Waste rank | AF4: Last bought | AG4: Last price | AH4: Average price | AI4: Lowest price | AJ4: Highest price | AK4: Price spread | AL4: Change vs average | AM4: Trend | AN4: Notes
G5: =IF(OR(D5="",F5="",F5=0),"",D5/F5) -> 0 | S5: =IF(A5="","",SUMIFS(Pantry!$C$5:$C$304,Pantry!$A$5:$A$304,A5)) -> 0 | T5: =IF(A5="","",COUNTIFS('Grocery List'!$A$5:$A$304,A5,'Grocery List'!$N$5:$N$304,"Yes")) -> 0 | U5: =IF(A5="","",SUMIFS('Grocery List'!$M$5:$M$304,'Grocery List'!$A$5:$A$304,A5)) -> 0 | V5: =IF(A5="","",COUNTIFS('Recipe Ingredients'!$B$5:$B$1204,A5)) -> 0 | W5: =IF(A5="","",SUMIFS('Recipe Ingredients'!$C$5:$C$1204,'Recipe Ingredients'!$B$5:$B$1204,A5)) -> 0 | X5: =IF(A5="","",IF(U5<=0,IF(S5>0,99,0),ROUND(S5/U5,1))) -> 0 | Y5: =IF(A5="","",U5*10+IF(O5="Yes",5,0)+IF(X5<1,10,0)+IF(S5<=0,3,0)) -> 0 | Z5: =IF(A5="","",COUNTIFS($Y$5:$Y$304,">"&Y5)+1) -> 0 | AA5: =IF(A5="","",IF(OR(U5>0,AND(O5="Yes",X5<2)),"Yes","No")) -> 0 | AB5: =IF(OR(A5="",D5=""),"",S5*D5) -> 0 | AC5: =IF(AB5="","",COUNTIFS($AB$5:$AB$304,">"&AB5)+1) -> 0 | AD5: =IF(A5="","",SUMIFS('Food Waste'!$E$5:$E$154,'Food Waste'!$C$5:$C$154,A5)) -> 0 | AE5: =IF(OR(A5="",AD5=0),"",COUNTIFS($AD$5:$AD$304,">"&AD5)+1) -> 0 | AF5: =IF(A5="","",IF(SUMPRODUCT(MAX(('Grocery Spending'!$E$5:$E$404=A5)*'Grocery Spending'!$A$5:$A$404))=0,"",SUMPRODUCT(MAX(('Grocery Spending'!$E$5:$E$404=A5)*'Grocery Spending'!$A$5:$A$404)))) -> 0 | AG5: =IF(OR(A5="",AF5=""),"",IFERROR(AVERAGEIFS('Grocery Spending'!$I$5:$I$404,'Grocery Spending'!$E$5:$E$404,A5,'Grocery Spending'!$A$5:$A$404,AF5),"")) -> 0 | AH5: =IF(A5="","",IFERROR(AVERAGEIFS('Grocery Spending'!$I$5:$I$404,'Grocery Spending'!$E$5:$E$404,A5),"")) -> 0 | AI5: =IF(A5="","",IF(SUMPRODUCT(MIN(('Grocery Spending'!$E$5:$E$404=A5)*'Grocery Spending'!$I$5:$I$404+('Grocery Spending'!$E$5:$E$404<>A5)*1000000))>=1000000,"",SUMPRODUCT(MIN(('Grocery Spending'!$E$5:$E$404=A5)*'Grocery Spending'!$I$5:$I$404+('Grocery Spending'!$E$5:$E$404<>A5)*1000000)))) -> 0 | AJ5: =IF(A5="","",SUMPRODUCT(MAX(('Grocery Spending'!$E$5:$E$404=A5)*'Grocery Spending'!$I$5:$I$404))) -> 0 | AK5: =IF(OR(A5="",AI5="",AJ5=0),"",AJ5-AI5) -> 0 | AL5: =IF(OR(A5="",AG5="",AH5=""),"",AG5-AH5) -> 0 | AM5: =IF(A5="","",IF(AL5="","",IF(AL5>0.01,"Up",IF(AL5<-0.01,"Down","Flat")))) -> 0
G6: =IF(OR(D6="",F6="",F6=0),"",D6/F6) -> 0 | S6: =IF(A6="","",SUMIFS(Pantry!$C$5:$C$304,Pantry!$A$5:$A$304,A6)) -> 0 | T6: =IF(A6="","",COUNTIFS('Grocery List'!$A$5:$A$304,A6,'Grocery List'!$N$5:$N$304,"Yes")) -> 0 | U6: =IF(A6="","",SUMIFS('Grocery List'!$M$5:$M$304,'Grocery List'!$A$5:$A$304,A6)) -> 0 | V6: =IF(A6="","",COUNTIFS('Recipe Ingredients'!$B$5:$B$1204,A6)) -> 0 | W6: =IF(A6="","",SUMIFS('Recipe Ingredients'!$C$5:$C$1204,'Recipe Ingredients'!$B$5:$B$1204,A6)) -> 0 | X6: =IF(A6="","",IF(U6<=0,IF(S6>0,99,0),ROUND(S6/U6,1))) -> 0 | Y6: =IF(A6="","",U6*10+IF(O6="Yes",5,0)+IF(X6<1,10,0)+IF(S6<=0,3,0)) -> 0 | Z6: =IF(A6="","",COUNTIFS($Y$5:$Y$304,">"&Y6)+1) -> 0 | AA6: =IF(A6="","",IF(OR(U6>0,AND(O6="Yes",X6<2)),"Yes","No")) -> 0 | AB6: =IF(OR(A6="",D6=""),"",S6*D6) -> 0 | AC6: =IF(AB6="","",COUNTIFS($AB$5:$AB$304,">"&AB6)+1) -> 0 | AD6: =IF(A6="","",SUMIFS('Food Waste'!$E$5:$E$154,'Food Waste'!$C$5:$C$154,A6)) -> 0 | AE6: =IF(OR(A6="",AD6=0),"",COUNTIFS($AD$5:$AD$304,">"&AD6)+1) -> 0 | AF6: =IF(A6="","",IF(SUMPRODUCT(MAX(('Grocery Spending'!$E$5:$E$404=A6)*'Grocery Spending'!$A$5:$A$404))=0,"",SUMPRODUCT(MAX(('Grocery Spending'!$E$5:$E$404=A6)*'Grocery Spending'!$A$5:$A$404)))) -> 0 | AG6: =IF(OR(A6="",AF6=""),"",IFERROR(AVERAGEIFS('Grocery Spending'!$I$5:$I$404,'Grocery Spending'!$E$5:$E$404,A6,'Grocery Spending'!$A$5:$A$404,AF6),"")) -> 0 | AH6: =IF(A6="","",IFERROR(AVERAGEIFS('Grocery Spending'!$I$5:$I$404,'Grocery Spending'!$E$5:$E$404,A6),"")) -> 0 | AI6: =IF(A6="","",IF(SUMPRODUCT(MIN(('Grocery Spending'!$E$5:$E$404=A6)*'Grocery Spending'!$I$5:$I$404+('Grocery Spending'!$E$5:$E$404<>A6)*1000000))>=1000000,"",SUMPRODUCT(MIN(('Grocery Spending'!$E$5:$E$404=A6)*'Grocery Spending'!$I$5:$I$404+('Grocery Spending'!$E$5:$E$404<>A6)*1000000)))) -> 0 | AJ6: =IF(A6="","",SUMPRODUCT(MAX(('Grocery Spending'!$E$5:$E$404=A6)*'Grocery Spending'!$I$5:$I$404))) -> 0 | AK6: =IF(OR(A6="",AI6="",AJ6=0),"",AJ6-AI6) -> 0 | AL6: =IF(OR(A6="",AG6="",AH6=""),"",AG6-AH6) -> 0 | AM6: =IF(A6="","",IF(AL6="","",IF(AL6>0.01,"Up",IF(AL6<-0.01,"Down","Flat")))) -> 0
G7: =IF(OR(D7="",F7="",F7=0),"",D7/F7) -> 0 | S7: =IF(A7="","",SUMIFS(Pantry!$C$5:$C$304,Pantry!$A$5:$A$304,A7)) -> 0 | T7: =IF(A7="","",COUNTIFS('Grocery List'!$A$5:$A$304,A7,'Grocery List'!$N$5:$N$304,"Yes")) -> 0 | U7: =IF(A7="","",SUMIFS('Grocery List'!$M$5:$M$304,'Grocery List'!$A$5:$A$304,A7)) -> 0 | V7: =IF(A7="","",COUNTIFS('Recipe Ingredients'!$B$5:$B$1204,A7)) -> 0 | W7: =IF(A7="","",SUMIFS('Recipe Ingredients'!$C$5:$C$1204,'Recipe Ingredients'!$B$5:$B$1204,A7)) -> 0 | X7: =IF(A7="","",IF(U7<=0,IF(S7>0,99,0),ROUND(S7/U7,1))) -> 0 | Y7: =IF(A7="","",U7*10+IF(O7="Yes",5,0)+IF(X7<1,10,0)+IF(S7<=0,3,0)) -> 0 | Z7: =IF(A7="","",COUNTIFS($Y$5:$Y$304,">"&Y7)+1) -> 0 | AA7: =IF(A7="","",IF(OR(U7>0,AND(O7="Yes",X7<2)),"Yes","No")) -> 0 | AB7: =IF(OR(A7="",D7=""),"",S7*D7) -> 0 | AC7: =IF(AB7="","",COUNTIFS($AB$5:$AB$304,">"&AB7)+1) -> 0 | AD7: =IF(A7="","",SUMIFS('Food Waste'!$E$5:$E$154,'Food Waste'!$C$5:$C$154,A7)) -> 0 | AE7: =IF(OR(A7="",AD7=0),"",COUNTIFS($AD$5:$AD$304,">"&AD7)+1) -> 0 | AF7: =IF(A7="","",IF(SUMPRODUCT(MAX(('Grocery Spending'!$E$5:$E$404=A7)*'Grocery Spending'!$A$5:$A$404))=0,"",SUMPRODUCT(MAX(('Grocery Spending'!$E$5:$E$404=A7)*'Grocery Spending'!$A$5:$A$404)))) -> 0 | AG7: =IF(OR(A7="",AF7=""),"",IFERROR(AVERAGEIFS('Grocery Spending'!$I$5:$I$404,'Grocery Spending'!$E$5:$E$404,A7,'Grocery Spending'!$A$5:$A$404,AF7),"")) -> 0 | AH7: =IF(A7="","",IFERROR(AVERAGEIFS('Grocery Spending'!$I$5:$I$404,'Grocery Spending'!$E$5:$E$404,A7),"")) -> 0 | AI7: =IF(A7="","",IF(SUMPRODUCT(MIN(('Grocery Spending'!$E$5:$E$404=A7)*'Grocery Spending'!$I$5:$I$404+('Grocery Spending'!$E$5:$E$404<>A7)*1000000))>=1000000,"",SUMPRODUCT(MIN(('Grocery Spending'!$E$5:$E$404=A7)*'Grocery Spending'!$I$5:$I$404+('Grocery Spending'!$E$5:$E$404<>A7)*1000000)))) -> 0 | AJ7: =IF(A7="","",SUMPRODUCT(MAX(('Grocery Spending'!$E$5:$E$404=A7)*'Grocery Spending'!$I$5:$I$404))) -> 0 | AK7: =IF(OR(A7="",AI7="",AJ7=0),"",AJ7-AI7) -> 0 | AL7: =IF(OR(A7="",AG7="",AH7=""),"",AG7-AH7) -> 0 | AM7: =IF(A7="","",IF(AL7="","",IF(AL7>0.01,"Up",IF(AL7<-0.01,"Down","Flat")))) -> 0
G8: =IF(OR(D8="",F8="",F8=0),"",D8/F8) -> 0 | S8: =IF(A8="","",SUMIFS(Pantry!$C$5:$C$304,Pantry!$A$5:$A$304,A8)) -> 0 | T8: =IF(A8="","",COUNTIFS('Grocery List'!$A$5:$A$304,A8,'Grocery List'!$N$5:$N$304,"Yes")) -> 0 | U8: =IF(A8="","",SUMIFS('Grocery List'!$M$5:$M$304,'Grocery List'!$A$5:$A$304,A8)) -> 0 | V8: =IF(A8="","",COUNTIFS('Recipe Ingredients'!$B$5:$B$1204,A8)) -> 0 | W8: =IF(A8="","",SUMIFS('Recipe Ingredients'!$C$5:$C$1204,'Recipe Ingredients'!$B$5:$B$1204,A8)) -> 0 | X8: =IF(A8="","",IF(U8<=0,IF(S8>0,99,0),ROUND(S8/U8,1))) -> 0 | Y8: =IF(A8="","",U8*10+IF(O8="Yes",5,0)+IF(X8<1,10,0)+IF(S8<=0,3,0)) -> 0 | Z8: =IF(A8="","",COUNTIFS($Y$5:$Y$304,">"&Y8)+1) -> 0 | AA8: =IF(A8="","",IF(OR(U8>0,AND(O8="Yes",X8<2)),"Yes","No")) -> 0 | AB8: =IF(OR(A8="",D8=""),"",S8*D8) -> 0 | AC8: =IF(AB8="","",COUNTIFS($AB$5:$AB$304,">"&AB8)+1) -> 0 | AD8: =IF(A8="","",SUMIFS('Food Waste'!$E$5:$E$154,'Food Waste'!$C$5:$C$154,A8)) -> 0 | AE8: =IF(OR(A8="",AD8=0),"",COUNTIFS($AD$5:$AD$304,">"&AD8)+1) -> 0 | AF8: =IF(A8="","",IF(SUMPRODUCT(MAX(('Grocery Spending'!$E$5:$E$404=A8)*'Grocery Spending'!$A$5:$A$404))=0,"",SUMPRODUCT(MAX(('Grocery Spending'!$E$5:$E$404=A8)*'Grocery Spending'!$A$5:$A$404)))) -> 0 | AG8: =IF(OR(A8="",AF8=""),"",IFERROR(AVERAGEIFS('Grocery Spending'!$I$5:$I$404,'Grocery Spending'!$E$5:$E$404,A8,'Grocery Spending'!$A$5:$A$404,AF8),"")) -> 0 | AH8: =IF(A8="","",IFERROR(AVERAGEIFS('Grocery Spending'!$I$5:$I$404,'Grocery Spending'!$E$5:$E$404,A8),"")) -> 0 | AI8: =IF(A8="","",IF(SUMPRODUCT(MIN(('Grocery Spending'!$E$5:$E$404=A8)*'Grocery Spending'!$I$5:$I$404+('Grocery Spending'!$E$5:$E$404<>A8)*1000000))>=1000000,"",SUMPRODUCT(MIN(('Grocery Spending'!$E$5:$E$404=A8)*'Grocery Spending'!$I$5:$I$404+('Grocery Spending'!$E$5:$E$404<>A8)*1000000)))) -> 0 | AJ8: =IF(A8="","",SUMPRODUCT(MAX(('Grocery Spending'!$E$5:$E$404=A8)*'Grocery Spending'!$I$5:$I$404))) -> 0 | AK8: =IF(OR(A8="",AI8="",AJ8=0),"",AJ8-AI8) -> 0 | AL8: =IF(OR(A8="",AG8="",AH8=""),"",AG8-AH8) -> 0 | AM8: =IF(A8="","",IF(AL8="","",IF(AL8>0.01,"Up",IF(AL8<-0.01,"Down","Flat")))) -> 0
G9: =IF(OR(D9="",F9="",F9=0),"",D9/F9) -> 0 | S9: =IF(A9="","",SUMIFS(Pantry!$C$5:$C$304,Pantry!$A$5:$A$304,A9)) -> 0 | T9: =IF(A9="","",COUNTIFS('Grocery List'!$A$5:$A$304,A9,'Grocery List'!$N$5:$N$304,"Yes")) -> 0 | U9: =IF(A9="","",SUMIFS('Grocery List'!$M$5:$M$304,'Grocery List'!$A$5:$A$304,A9)) -> 0 | V9: =IF(A9="","",COUNTIFS('Recipe Ingredients'!$B$5:$B$1204,A9)) -> 0 | W9: =IF(A9="","",SUMIFS('Recipe Ingredients'!$C$5:$C$1204,'Recipe Ingredients'!$B$5:$B$1204,A9)) -> 0 | X9: =IF(A9="","",IF(U9<=0,IF(S9>0,99,0),ROUND(S9/U9,1))) -> 0 | Y9: =IF(A9="","",U9*10+IF(O9="Yes",5,0)+IF(X9<1,10,0)+IF(S9<=0,3,0)) -> 0 | Z9: =IF(A9="","",COUNTIFS($Y$5:$Y$304,">"&Y9)+1) -> 0 | AA9: =IF(A9="","",IF(OR(U9>0,AND(O9="Yes",X9<2)),"Yes","No")) -> 0 | AB9: =IF(OR(A9="",D9=""),"",S9*D9) -> 0 | AC9: =IF(AB9="","",COUNTIFS($AB$5:$AB$304,">"&AB9)+1) -> 0 | AD9: =IF(A9="","",SUMIFS('Food Waste'!$E$5:$E$154,'Food Waste'!$C$5:$C$154,A9)) -> 0 | AE9: =IF(OR(A9="",AD9=0),"",COUNTIFS($AD$5:$AD$304,">"&AD9)+1) -> 0 | AF9: =IF(A9="","",IF(SUMPRODUCT(MAX(('Grocery Spending'!$E$5:$E$404=A9)*'Grocery Spending'!$A$5:$A$404))=0,"",SUMPRODUCT(MAX(('Grocery Spending'!$E$5:$E$404=A9)*'Grocery Spending'!$A$5:$A$404)))) -> 0 | AG9: =IF(OR(A9="",AF9=""),"",IFERROR(AVERAGEIFS('Grocery Spending'!$I$5:$I$404,'Grocery Spending'!$E$5:$E$404,A9,'Grocery Spending'!$A$5:$A$404,AF9),"")) -> 0 | AH9: =IF(A9="","",IFERROR(AVERAGEIFS('Grocery Spending'!$I$5:$I$404,'Grocery Spending'!$E$5:$E$404,A9),"")) -> 0 | AI9: =IF(A9="","",IF(SUMPRODUCT(MIN(('Grocery Spending'!$E$5:$E$404=A9)*'Grocery Spending'!$I$5:$I$404+('Grocery Spending'!$E$5:$E$404<>A9)*1000000))>=1000000,"",SUMPRODUCT(MIN(('Grocery Spending'!$E$5:$E$404=A9)*'Grocery Spending'!$I$5:$I$404+('Grocery Spending'!$E$5:$E$404<>A9)*1000000)))) -> 0 | AJ9: =IF(A9="","",SUMPRODUCT(MAX(('Grocery Spending'!$E$5:$E$404=A9)*'Grocery Spending'!$I$5:$I$404))) -> 0 | AK9: =IF(OR(A9="",AI9="",AJ9=0),"",AJ9-AI9) -> 0 | AL9: =IF(OR(A9="",AG9="",AH9=""),"",AG9-AH9) -> 0 | AM9: =IF(A9="","",IF(AL9="","",IF(AL9>0.01,"Up",IF(AL9<-0.01,"Down","Flat")))) -> 0
G10: =IF(OR(D10="",F10="",F10=0),"",D10/F10) -> 0 | S10: =IF(A10="","",SUMIFS(Pantry!$C$5:$C$304,Pantry!$A$5:$A$304,A10)) -> 0 | T10: =IF(A10="","",COUNTIFS('Grocery List'!$A$5:$A$304,A10,'Grocery List'!$N$5:$N$304,"Yes")) -> 0 | U10: =IF(A10="","",SUMIFS('Grocery List'!$M$5:$M$304,'Grocery List'!$A$5:$A$304,A10)) -> 0 | V10: =IF(A10="","",COUNTIFS('Recipe Ingredients'!$B$5:$B$1204,A10)) -> 0 | W10: =IF(A10="","",SUMIFS('Recipe Ingredients'!$C$5:$C$1204,'Recipe Ingredients'!$B$5:$B$1204,A10)) -> 0 | X10: =IF(A10="","",IF(U10<=0,IF(S10>0,99,0),ROUND(S10/U10,1))) -> 0 | Y10: =IF(A10="","",U10*10+IF(O10="Yes",5,0)+IF(X10<1,10,0)+IF(S10<=0,3,0)) -> 0 | Z10: =IF(A10="","",COUNTIFS($Y$5:$Y$304,">"&Y10)+1) -> 0 | AA10: =IF(A10="","",IF(OR(U10>0,AND(O10="Yes",X10<2)),"Yes","No")) -> 0 | AB10: =IF(OR(A10="",D10=""),"",S10*D10) -> 0 | AC10: =IF(AB10="","",COUNTIFS($AB$5:$AB$304,">"&AB10)+1) -> 0 | AD10: =IF(A10="","",SUMIFS('Food Waste'!$E$5:$E$154,'Food Waste'!$C$5:$C$154,A10)) -> 0 | AE10: =IF(OR(A10="",AD10=0),"",COUNTIFS($AD$5:$AD$304,">"&AD10)+1) -> 0 | AF10: =IF(A10="","",IF(SUMPRODUCT(MAX(('Grocery Spending'!$E$5:$E$404=A10)*'Grocery Spending'!$A$5:$A$404))=0,"",SUMPRODUCT(MAX(('Grocery Spending'!$E$5:$E$404=A10)*'Grocery Spending'!$A$5:$A$404)))) -> 0 | AG10: =IF(OR(A10="",AF10=""),"",IFERROR(AVERAGEIFS('Grocery Spending'!$I$5:$I$404,'Grocery Spending'!$E$5:$E$404,A10,'Grocery Spending'!$A$5:$A$404,AF10),"")) -> 0 | AH10: =IF(A10="","",IFERROR(AVERAGEIFS('Grocery Spending'!$I$5:$I$404,'Grocery Spending'!$E$5:$E$404,A10),"")) -> 0 | AI10: =IF(A10="","",IF(SUMPRODUCT(MIN(('Grocery Spending'!$E$5:$E$404=A10)*'Grocery Spending'!$I$5:$I$404+('Grocery Spending'!$E$5:$E$404<>A10)*1000000))>=1000000,"",SUMPRODUCT(MIN(('Grocery Spending'!$E$5:$E$404=A10)*'Grocery Spending'!$I$5:$I$404+('Grocery Spending'!$E$5:$E$404<>A10)*1000000)))) -> 0 | AJ10: =IF(A10="","",SUMPRODUCT(MAX(('Grocery Spending'!$E$5:$E$404=A10)*'Grocery Spending'!$I$5:$I$404))) -> 0 | AK10: =IF(OR(A10="",AI10="",AJ10=0),"",AJ10-AI10) -> 0 | AL10: =IF(OR(A10="",AG10="",AH10=""),"",AG10-AH10) -> 0 | AM10: =IF(A10="","",IF(AL10="","",IF(AL10>0.01,"Up",IF(AL10<-0.01,"Down","Flat")))) -> 0
G11: =IF(OR(D11="",F11="",F11=0),"",D11/F11) -> 0 | S11: =IF(A11="","",SUMIFS(Pantry!$C$5:$C$304,Pantry!$A$5:$A$304,A11)) -> 0 | T11: =IF(A11="","",COUNTIFS('Grocery List'!$A$5:$A$304,A11,'Grocery List'!$N$5:$N$304,"Yes")) -> 0 | U11: =IF(A11="","",SUMIFS('Grocery List'!$M$5:$M$304,'Grocery List'!$A$5:$A$304,A11)) -> 0 | V11: =IF(A11="","",COUNTIFS('Recipe Ingredients'!$B$5:$B$1204,A11)) -> 0 | W11: =IF(A11="","",SUMIFS('Recipe Ingredients'!$C$5:$C$1204,'Recipe Ingredients'!$B$5:$B$1204,A11)) -> 0 | X11: =IF(A11="","",IF(U11<=0,IF(S11>0,99,0),ROUND(S11/U11,1))) -> 0 | Y11: =IF(A11="","",U11*10+IF(O11="Yes",5,0)+IF(X11<1,10,0)+IF(S11<=0,3,0)) -> 0 | Z11: =IF(A11="","",COUNTIFS($Y$5:$Y$304,">"&Y11)+1) -> 0 | AA11: =IF(A11="","",IF(OR(U11>0,AND(O11="Yes",X11<2)),"Yes","No")) -> 0 | AB11: =IF(OR(A11="",D11=""),"",S11*D11) -> 0 | AC11: =IF(AB11="","",COUNTIFS($AB$5:$AB$304,">"&AB11)+1) -> 0 | AD11: =IF(A11="","",SUMIFS('Food Waste'!$E$5:$E$154,'Food Waste'!$C$5:$C$154,A11)) -> 0 | AE11: =IF(OR(A11="",AD11=0),"",COUNTIFS($AD$5:$AD$304,">"&AD11)+1) -> 0 | AF11: =IF(A11="","",IF(SUMPRODUCT(MAX(('Grocery Spending'!$E$5:$E$404=A11)*'Grocery Spending'!$A$5:$A$404))=0,"",SUMPRODUCT(MAX(('Grocery Spending'!$E$5:$E$404=A11)*'Grocery Spending'!$A$5:$A$404)))) -> 0 | AG11: =IF(OR(A11="",AF11=""),"",IFERROR(AVERAGEIFS('Grocery Spending'!$I$5:$I$404,'Grocery Spending'!$E$5:$E$404,A11,'Grocery Spending'!$A$5:$A$404,AF11),"")) -> 0 | AH11: =IF(A11="","",IFERROR(AVERAGEIFS('Grocery Spending'!$I$5:$I$404,'Grocery Spending'!$E$5:$E$404,A11),"")) -> 0 | AI11: =IF(A11="","",IF(SUMPRODUCT(MIN(('Grocery Spending'!$E$5:$E$404=A11)*'Grocery Spending'!$I$5:$I$404+('Grocery Spending'!$E$5:$E$404<>A11)*1000000))>=1000000,"",SUMPRODUCT(MIN(('Grocery Spending'!$E$5:$E$404=A11)*'Grocery Spending'!$I$5:$I$404+('Grocery Spending'!$E$5:$E$404<>A11)*1000000)))) -> 0 | AJ11: =IF(A11="","",SUMPRODUCT(MAX(('Grocery Spending'!$E$5:$E$404=A11)*'Grocery Spending'!$I$5:$I$404))) -> 0 | AK11: =IF(OR(A11="",AI11="",AJ11=0),"",AJ11-AI11) -> 0 | AL11: =IF(OR(A11="",AG11="",AH11=""),"",AG11-AH11) -> 0 | AM11: =IF(A11="","",IF(AL11="","",IF(AL11>0.01,"Up",IF(AL11<-0.01,"Down","Flat")))) -> 0
G12: =IF(OR(D12="",F12="",F12=0),"",D12/F12) -> 0 | S12: =IF(A12="","",SUMIFS(Pantry!$C$5:$C$304,Pantry!$A$5:$A$304,A12)) -> 0 | T12: =IF(A12="","",COUNTIFS('Grocery List'!$A$5:$A$304,A12,'Grocery List'!$N$5:$N$304,"Yes")) -> 0 | U12: =IF(A12="","",SUMIFS('Grocery List'!$M$5:$M$304,'Grocery List'!$A$5:$A$304,A12)) -> 0 | V12: =IF(A12="","",COUNTIFS('Recipe Ingredients'!$B$5:$B$1204,A12)) -> 0 | W12: =IF(A12="","",SUMIFS('Recipe Ingredients'!$C$5:$C$1204,'Recipe Ingredients'!$B$5:$B$1204,A12)) -> 0 | X12: =IF(A12="","",IF(U12<=0,IF(S12>0,99,0),ROUND(S12/U12,1))) -> 0 | Y12: =IF(A12="","",U12*10+IF(O12="Yes",5,0)+IF(X12<1,10,0)+IF(S12<=0,3,0)) -> 0 | Z12: =IF(A12="","",COUNTIFS($Y$5:$Y$304,">"&Y12)+1) -> 0 | AA12: =IF(A12="","",IF(OR(U12>0,AND(O12="Yes",X12<2)),"Yes","No")) -> 0 | AB12: =IF(OR(A12="",D12=""),"",S12*D12) -> 0 | AC12: =IF(AB12="","",COUNTIFS($AB$5:$AB$304,">"&AB12)+1) -> 0 | AD12: =IF(A12="","",SUMIFS('Food Waste'!$E$5:$E$154,'Food Waste'!$C$5:$C$154,A12)) -> 0 | AE12: =IF(OR(A12="",AD12=0),"",COUNTIFS($AD$5:$AD$304,">"&AD12)+1) -> 0 | AF12: =IF(A12="","",IF(SUMPRODUCT(MAX(('Grocery Spending'!$E$5:$E$404=A12)*'Grocery Spending'!$A$5:$A$404))=0,"",SUMPRODUCT(MAX(('Grocery Spending'!$E$5:$E$404=A12)*'Grocery Spending'!$A$5:$A$404)))) -> 0 | AG12: =IF(OR(A12="",AF12=""),"",IFERROR(AVERAGEIFS('Grocery Spending'!$I$5:$I$404,'Grocery Spending'!$E$5:$E$404,A12,'Grocery Spending'!$A$5:$A$404,AF12),"")) -> 0 | AH12: =IF(A12="","",IFERROR(AVERAGEIFS('Grocery Spending'!$I$5:$I$404,'Grocery Spending'!$E$5:$E$404,A12),"")) -> 0 | AI12: =IF(A12="","",IF(SUMPRODUCT(MIN(('Grocery Spending'!$E$5:$E$404=A12)*'Grocery Spending'!$I$5:$I$404+('Grocery Spending'!$E$5:$E$404<>A12)*1000000))>=1000000,"",SUMPRODUCT(MIN(('Grocery Spending'!$E$5:$E$404=A12)*'Grocery Spending'!$I$5:$I$404+('Grocery Spending'!$E$5:$E$404<>A12)*1000000)))) -> 0 | AJ12: =IF(A12="","",SUMPRODUCT(MAX(('Grocery Spending'!$E$5:$E$404=A12)*'Grocery Spending'!$I$5:$I$404))) -> 0 | AK12: =IF(OR(A12="",AI12="",AJ12=0),"",AJ12-AI12) -> 0 | AL12: =IF(OR(A12="",AG12="",AH12=""),"",AG12-AH12) -> 0 | AM12: =IF(A12="","",IF(AL12="","",IF(AL12>0.01,"Up",IF(AL12<-0.01,"Down","Flat")))) -> 0
G13: =IF(OR(D13="",F13="",F13=0),"",D13/F13) -> 0 | S13: =IF(A13="","",SUMIFS(Pantry!$C$5:$C$304,Pantry!$A$5:$A$304,A13)) -> 0 | T13: =IF(A13="","",COUNTIFS('Grocery List'!$A$5:$A$304,A13,'Grocery List'!$N$5:$N$304,"Yes")) -> 0 | U13: =IF(A13="","",SUMIFS('Grocery List'!$M$5:$M$304,'Grocery List'!$A$5:$A$304,A13)) -> 0 | V13: =IF(A13="","",COUNTIFS('Recipe Ingredients'!$B$5:$B$1204,A13)) -> 0 | W13: =IF(A13="","",SUMIFS('Recipe Ingredients'!$C$5:$C$1204,'Recipe Ingredients'!$B$5:$B$1204,A13)) -> 0 | X13: =IF(A13="","",IF(U13<=0,IF(S13>0,99,0),ROUND(S13/U13,1))) -> 0 | Y13: =IF(A13="","",U13*10+IF(O13="Yes",5,0)+IF(X13<1,10,0)+IF(S13<=0,3,0)) -> 0 | Z13: =IF(A13="","",COUNTIFS($Y$5:$Y$304,">"&Y13)+1) -> 0 | AA13: =IF(A13="","",IF(OR(U13>0,AND(O13="Yes",X13<2)),"Yes","No")) -> 0 | AB13: =IF(OR(A13="",D13=""),"",S13*D13) -> 0 | AC13: =IF(AB13="","",COUNTIFS($AB$5:$AB$304,">"&AB13)+1) -> 0 | AD13: =IF(A13="","",SUMIFS('Food Waste'!$E$5:$E$154,'Food Waste'!$C$5:$C$154,A13)) -> 0 | AE13: =IF(OR(A13="",AD13=0),"",COUNTIFS($AD$5:$AD$304,">"&AD13)+1) -> 0 | AF13: =IF(A13="","",IF(SUMPRODUCT(MAX(('Grocery Spending'!$E$5:$E$404=A13)*'Grocery Spending'!$A$5:$A$404))=0,"",SUMPRODUCT(MAX(('Grocery Spending'!$E$5:$E$404=A13)*'Grocery Spending'!$A$5:$A$404)))) -> 0 | AG13: =IF(OR(A13="",AF13=""),"",IFERROR(AVERAGEIFS('Grocery Spending'!$I$5:$I$404,'Grocery Spending'!$E$5:$E$404,A13,'Grocery Spending'!$A$5:$A$404,AF13),"")) -> 0 | AH13: =IF(A13="","",IFERROR(AVERAGEIFS('Grocery Spending'!$I$5:$I$404,'Grocery Spending'!$E$5:$E$404,A13),"")) -> 0 | AI13: =IF(A13="","",IF(SUMPRODUCT(MIN(('Grocery Spending'!$E$5:$E$404=A13)*'Grocery Spending'!$I$5:$I$404+('Grocery Spending'!$E$5:$E$404<>A13)*1000000))>=1000000,"",SUMPRODUCT(MIN(('Grocery Spending'!$E$5:$E$404=A13)*'Grocery Spending'!$I$5:$I$404+('Grocery Spending'!$E$5:$E$404<>A13)*1000000)))) -> 0 | AJ13: =IF(A13="","",SUMPRODUCT(MAX(('Grocery Spending'!$E$5:$E$404=A13)*'Grocery Spending'!$I$5:$I$404))) -> 0 | AK13: =IF(OR(A13="",AI13="",AJ13=0),"",AJ13-AI13) -> 0 | AL13: =IF(OR(A13="",AG13="",AH13=""),"",AG13-AH13) -> 0 | AM13: =IF(A13="","",IF(AL13="","",IF(AL13>0.01,"Up",IF(AL13<-0.01,"Down","Flat")))) -> 0
G14: =IF(OR(D14="",F14="",F14=0),"",D14/F14) -> 0 | S14: =IF(A14="","",SUMIFS(Pantry!$C$5:$C$304,Pantry!$A$5:$A$304,A14)) -> 0 | T14: =IF(A14="","",COUNTIFS('Grocery List'!$A$5:$A$304,A14,'Grocery List'!$N$5:$N$304,"Yes")) -> 0 | U14: =IF(A14="","",SUMIFS('Grocery List'!$M$5:$M$304,'Grocery List'!$A$5:$A$304,A14)) -> 0 | V14: =IF(A14="","",COUNTIFS('Recipe Ingredients'!$B$5:$B$1204,A14)) -> 0 | W14: =IF(A14="","",SUMIFS('Recipe Ingredients'!$C$5:$C$1204,'Recipe Ingredients'!$B$5:$B$1204,A14)) -> 0 | X14: =IF(A14="","",IF(U14<=0,IF(S14>0,99,0),ROUND(S14/U14,1))) -> 0 | Y14: =IF(A14="","",U14*10+IF(O14="Yes",5,0)+IF(X14<1,10,0)+IF(S14<=0,3,0)) -> 0 | Z14: =IF(A14="","",COUNTIFS($Y$5:$Y$304,">"&Y14)+1) -> 0 | AA14: =IF(A14="","",IF(OR(U14>0,AND(O14="Yes",X14<2)),"Yes","No")) -> 0 | AB14: =IF(OR(A14="",D14=""),"",S14*D14) -> 0 | AC14: =IF(AB14="","",COUNTIFS($AB$5:$AB$304,">"&AB14)+1) -> 0 | AD14: =IF(A14="","",SUMIFS('Food Waste'!$E$5:$E$154,'Food Waste'!$C$5:$C$154,A14)) -> 0 | AE14: =IF(OR(A14="",AD14=0),"",COUNTIFS($AD$5:$AD$304,">"&AD14)+1) -> 0 | AF14: =IF(A14="","",IF(SUMPRODUCT(MAX(('Grocery Spending'!$E$5:$E$404=A14)*'Grocery Spending'!$A$5:$A$404))=0,"",SUMPRODUCT(MAX(('Grocery Spending'!$E$5:$E$404=A14)*'Grocery Spending'!$A$5:$A$404)))) -> 0 | AG14: =IF(OR(A14="",AF14=""),"",IFERROR(AVERAGEIFS('Grocery Spending'!$I$5:$I$404,'Grocery Spending'!$E$5:$E$404,A14,'Grocery Spending'!$A$5:$A$404,AF14),"")) -> 0 | AH14: =IF(A14="","",IFERROR(AVERAGEIFS('Grocery Spending'!$I$5:$I$404,'Grocery Spending'!$E$5:$E$404,A14),"")) -> 0 | AI14: =IF(A14="","",IF(SUMPRODUCT(MIN(('Grocery Spending'!$E$5:$E$404=A14)*'Grocery Spending'!$I$5:$I$404+('Grocery Spending'!$E$5:$E$404<>A14)*1000000))>=1000000,"",SUMPRODUCT(MIN(('Grocery Spending'!$E$5:$E$404=A14)*'Grocery Spending'!$I$5:$I$404+('Grocery Spending'!$E$5:$E$404<>A14)*1000000)))) -> 0 | AJ14: =IF(A14="","",SUMPRODUCT(MAX(('Grocery Spending'!$E$5:$E$404=A14)*'Grocery Spending'!$I$5:$I$404))) -> 0 | AK14: =IF(OR(A14="",AI14="",AJ14=0),"",AJ14-AI14) -> 0 | AL14: =IF(OR(A14="",AG14="",AH14=""),"",AG14-AH14) -> 0 | AM14: =IF(A14="","",IF(AL14="","",IF(AL14>0.01,"Up",IF(AL14<-0.01,"Down","Flat")))) -> 0
G15: =IF(OR(D15="",F15="",F15=0),"",D15/F15) -> 0 | S15: =IF(A15="","",SUMIFS(Pantry!$C$5:$C$304,Pantry!$A$5:$A$304,A15)) -> 0 | T15: =IF(A15="","",COUNTIFS('Grocery List'!$A$5:$A$304,A15,'Grocery List'!$N$5:$N$304,"Yes")) -> 0 | U15: =IF(A15="","",SUMIFS('Grocery List'!$M$5:$M$304,'Grocery List'!$A$5:$A$304,A15)) -> 0 | V15: =IF(A15="","",COUNTIFS('Recipe Ingredients'!$B$5:$B$1204,A15)) -> 0 | W15: =IF(A15="","",SUMIFS('Recipe Ingredients'!$C$5:$C$1204,'Recipe Ingredients'!$B$5:$B$1204,A15)) -> 0 | X15: =IF(A15="","",IF(U15<=0,IF(S15>0,99,0),ROUND(S15/U15,1))) -> 0 | Y15: =IF(A15="","",U15*10+IF(O15="Yes",5,0)+IF(X15<1,10,0)+IF(S15<=0,3,0)) -> 0 | Z15: =IF(A15="","",COUNTIFS($Y$5:$Y$304,">"&Y15)+1) -> 0 | AA15: =IF(A15="","",IF(OR(U15>0,AND(O15="Yes",X15<2)),"Yes","No")) -> 0 | AB15: =IF(OR(A15="",D15=""),"",S15*D15) -> 0 | AC15: =IF(AB15="","",COUNTIFS($AB$5:$AB$304,">"&AB15)+1) -> 0 | AD15: =IF(A15="","",SUMIFS('Food Waste'!$E$5:$E$154,'Food Waste'!$C$5:$C$154,A15)) -> 0 | AE15: =IF(OR(A15="",AD15=0),"",COUNTIFS($AD$5:$AD$304,">"&AD15)+1) -> 0 | AF15: =IF(A15="","",IF(SUMPRODUCT(MAX(('Grocery Spending'!$E$5:$E$404=A15)*'Grocery Spending'!$A$5:$A$404))=0,"",SUMPRODUCT(MAX(('Grocery Spending'!$E$5:$E$404=A15)*'Grocery Spending'!$A$5:$A$404)))) -> 0 | AG15: =IF(OR(A15="",AF15=""),"",IFERROR(AVERAGEIFS('Grocery Spending'!$I$5:$I$404,'Grocery Spending'!$E$5:$E$404,A15,'Grocery Spending'!$A$5:$A$404,AF15),"")) -> 0 | AH15: =IF(A15="","",IFERROR(AVERAGEIFS('Grocery Spending'!$I$5:$I$404,'Grocery Spending'!$E$5:$E$404,A15),"")) -> 0 | AI15: =IF(A15="","",IF(SUMPRODUCT(MIN(('Grocery Spending'!$E$5:$E$404=A15)*'Grocery Spending'!$I$5:$I$404+('Grocery Spending'!$E$5:$E$404<>A15)*1000000))>=1000000,"",SUMPRODUCT(MIN(('Grocery Spending'!$E$5:$E$404=A15)*'Grocery Spending'!$I$5:$I$404+('Grocery Spending'!$E$5:$E$404<>A15)*1000000)))) -> 0 | AJ15: =IF(A15="","",SUMPRODUCT(MAX(('Grocery Spending'!$E$5:$E$404=A15)*'Grocery Spending'!$I$5:$I$404))) -> 0 | AK15: =IF(OR(A15="",AI15="",AJ15=0),"",AJ15-AI15) -> 0 | AL15: =IF(OR(A15="",AG15="",AH15=""),"",AG15-AH15) -> 0 | AM15: =IF(A15="","",IF(AL15="","",IF(AL15>0.01,"Up",IF(AL15<-0.01,"Down","Flat")))) -> 0
G16: =IF(OR(D16="",F16="",F16=0),"",D16/F16) -> 0 | S16: =IF(A16="","",SUMIFS(Pantry!$C$5:$C$304,Pantry!$A$5:$A$304,A16)) -> 0 | T16: =IF(A16="","",COUNTIFS('Grocery List'!$A$5:$A$304,A16,'Grocery List'!$N$5:$N$304,"Yes")) -> 0 | U16: =IF(A16="","",SUMIFS('Grocery List'!$M$5:$M$304,'Grocery List'!$A$5:$A$304,A16)) -> 0 | V16: =IF(A16="","",COUNTIFS('Recipe Ingredients'!$B$5:$B$1204,A16)) -> 0 | W16: =IF(A16="","",SUMIFS('Recipe Ingredients'!$C$5:$C$1204,'Recipe Ingredients'!$B$5:$B$1204,A16)) -> 0 | X16: =IF(A16="","",IF(U16<=0,IF(S16>0,99,0),ROUND(S16/U16,1))) -> 0 | Y16: =IF(A16="","",U16*10+IF(O16="Yes",5,0)+IF(X16<1,10,0)+IF(S16<=0,3,0)) -> 0 | Z16: =IF(A16="","",COUNTIFS($Y$5:$Y$304,">"&Y16)+1) -> 0 | AA16: =IF(A16="","",IF(OR(U16>0,AND(O16="Yes",X16<2)),"Yes","No")) -> 0 | AB16: =IF(OR(A16="",D16=""),"",S16*D16) -> 0 | AC16: =IF(AB16="","",COUNTIFS($AB$5:$AB$304,">"&AB16)+1) -> 0 | AD16: =IF(A16="","",SUMIFS('Food Waste'!$E$5:$E$154,'Food Waste'!$C$5:$C$154,A16)) -> 0 | AE16: =IF(OR(A16="",AD16=0),"",COUNTIFS($AD$5:$AD$304,">"&AD16)+1) -> 0 | AF16: =IF(A16="","",IF(SUMPRODUCT(MAX(('Grocery Spending'!$E$5:$E$404=A16)*'Grocery Spending'!$A$5:$A$404))=0,"",SUMPRODUCT(MAX(('Grocery Spending'!$E$5:$E$404=A16)*'Grocery Spending'!$A$5:$A$404)))) -> 0 | AG16: =IF(OR(A16="",AF16=""),"",IFERROR(AVERAGEIFS('Grocery Spending'!$I$5:$I$404,'Grocery Spending'!$E$5:$E$404,A16,'Grocery Spending'!$A$5:$A$404,AF16),"")) -> 0 | AH16: =IF(A16="","",IFERROR(AVERAGEIFS('Grocery Spending'!$I$5:$I$404,'Grocery Spending'!$E$5:$E$404,A16),"")) -> 0 | AI16: =IF(A16="","",IF(SUMPRODUCT(MIN(('Grocery Spending'!$E$5:$E$404=A16)*'Grocery Spending'!$I$5:$I$404+('Grocery Spending'!$E$5:$E$404<>A16)*1000000))>=1000000,"",SUMPRODUCT(MIN(('Grocery Spending'!$E$5:$E$404=A16)*'Grocery Spending'!$I$5:$I$404+('Grocery Spending'!$E$5:$E$404<>A16)*1000000)))) -> 0 | AJ16: =IF(A16="","",SUMPRODUCT(MAX(('Grocery Spending'!$E$5:$E$404=A16)*'Grocery Spending'!$I$5:$I$404))) -> 0 | AK16: =IF(OR(A16="",AI16="",AJ16=0),"",AJ16-AI16) -> 0 | AL16: =IF(OR(A16="",AG16="",AH16=""),"",AG16-AH16) -> 0 | AM16: =IF(A16="","",IF(AL16="","",IF(AL16>0.01,"Up",IF(AL16<-0.01,"Down","Flat")))) -> 0
... G304: =IF(OR(D304="",F304="",F304=0),"",D304/F304) -> 0 | S304: =IF(A304="","",SUMIFS(Pantry!$C$5:$C$304,Pantry!$A$5:$A$304,A304)) -> 0 | T304: =IF(A304="","",COUNTIFS('Grocery List'!$A$5:$A$304,A304,'Grocery List'!$N$5:$N$304,"Yes")) -> 0 | U304: =IF(A304="","",SUMIFS('Grocery List'!$M$5:$M$304,'Grocery List'!$A$5:$A$304,A304)) -> 0 | V304: =IF(A304="","",COUNTIFS('Recipe Ingredients'!$B$5:$B$1204,A304)) -> 0 | W304: =IF(A304="","",SUMIFS('Recipe Ingredients'!$C$5:$C$1204,'Recipe Ingredients'!$B$5:$B$1204,A304)) -> 0 | X304: =IF(A304="","",IF(U304<=0,IF(S304>0,99,0),ROUND(S304/U304,1))) -> 0 | Y304: =IF(A304="","",U304*10+IF(O304="Yes",5,0)+IF(X304<1,10,0)+IF(S304<=0,3,0)) -> 0 | Z304: =IF(A304="","",COUNTIFS($Y$5:$Y$304,">"&Y304)+1) -> 0 | AA304: =IF(A304="","",IF(OR(U304>0,AND(O304="Yes",X304<2)),"Yes","No")) -> 0 | AB304: =IF(OR(A304="",D304=""),"",S304*D304) -> 0 | AC304: =IF(AB304="","",COUNTIFS($AB$5:$AB$304,">"&AB304)+1) -> 0 | AD304: =IF(A304="","",SUMIFS('Food Waste'!$E$5:$E$154,'Food Waste'!$C$5:$C$154,A304)) -> 0 | AE304: =IF(OR(A304="",AD304=0),"",COUNTIFS($AD$5:$AD$304,">"&AD304)+1) -> 0 | AF304: =IF(A304="","",IF(SUMPRODUCT(MAX(('Grocery Spending'!$E$5:$E$404=A304)*'Grocery Spending'!$A$5:$A$404))=0,"",SUMPRODUCT(MAX(('Grocery Spending'!$E$5:$E$404=A304)*'Grocery Spending'!$A$5:$A$404)))) -> 0 | AG304: =IF(OR(A304="",AF304=""),"",IFERROR(AVERAGEIFS('Grocery Spending'!$I$5:$I$404,'Grocery Spending'!$E$5:$E$404,A304,'Grocery Spending'!$A$5:$A$404,AF304),"")) -> 0 | AH304: =IF(A304="","",IFERROR(AVERAGEIFS('Grocery Spending'!$I$5:$I$404,'Grocery Spending'!$E$5:$E$404,A304),"")) -> 0 | AI304: =IF(A304="","",IF(SUMPRODUCT(MIN(('Grocery Spending'!$E$5:$E$404=A304)*'Grocery Spending'!$I$5:$I$404+('Grocery Spending'!$E$5:$E$404<>A304)*1000000))>=1000000,"",SUMPRODUCT(MIN(('Grocery Spending'!$E$5:$E$404=A304)*'Grocery Spending'!$I$5:$I$404+('Grocery Spending'!$E$5:$E$404<>A304)*1000000)))) -> 0 | AJ304: =IF(A304="","",SUMPRODUCT(MAX(('Grocery Spending'!$E$5:$E$404=A304)*'Grocery Spending'!$I$5:$I$404))) -> 0 | AK304: =IF(OR(A304="",AI304="",AJ304=0),"",AJ304-AI304) -> 0 | AL304: =IF(OR(A304="",AG304="",AH304=""),"",AG304-AH304) -> 0 | AM304: =IF(A304="","",IF(AL304="","",IF(AL304>0.01,"Up",IF(AL304<-0.01,"Down","Flat")))) -> 0

Sheet Meal Plan
A4: Plan ID | B4: Date | C4: Week starting | D4: Day | E4: Month | F4: Meal slot | G4: Recipe | H4: Servings | I4: Recipe servings | J4: Scale | K4: Cook for | L4: Calories | M4: Protein (g) | N4: Carbs (g) | O4: Fat (g) | P4: Fibre (g) | Q4: Cost | R4: Budget / meal | S4: Status | T4: Cooked | U4: Rating (1-5) | V4: Leftover of | W4: Leftover ID | X4: Waste (portions) | Y4: Prep task | Z4: Ingredients | AA4: Notes | AB4: Cost rank (day) | AC4: Calorie rank (day) | AD4: Repeat | AE4: Days since last | AF4: Rotation | AG4: Diet check
C5: =IF(B5="","",B5-WEEKDAY(B5,2)+1) -> 0 | D5: =IF(B5="","",TEXT(B5,"ddd")) -> 0 | E5: =IF(B5="","",TEXT(B5,"mmm yyyy")) -> 0 | I5: =IF(G5="","",IFERROR(INDEX(Recipes!$D$5:$D$204,MATCH(G5,Recipes!$A$5:$A$204,0)),"")) -> 0 | J5: =IF(OR(G5="",H5="",I5="",I5=0),"",H5/I5) -> 0 | K5: =IF(B5="","",Household_Size) -> 0 | L5: =IF(OR(G5="",H5=""),"",IFERROR(IFERROR(INDEX(Recipes!$H$5:$H$204,MATCH(G5,Recipes!$A$5:$A$204,0)),"")*H5,"")) -> 0 | M5: =IF(OR(G5="",H5=""),"",IFERROR(IFERROR(INDEX(Recipes!$I$5:$I$204,MATCH(G5,Recipes!$A$5:$A$204,0)),"")*H5,"")) -> 0 | N5: =IF(OR(G5="",H5=""),"",IFERROR(IFERROR(INDEX(Recipes!$J$5:$J$204,MATCH(G5,Recipes!$A$5:$A$204,0)),"")*H5,"")) -> 0 | O5: =IF(OR(G5="",H5=""),"",IFERROR(IFERROR(INDEX(Recipes!$K$5:$K$204,MATCH(G5,Recipes!$A$5:$A$204,0)),"")*H5,"")) -> 0 | P5: =IF(OR(G5="",H5=""),"",IFERROR(IFERROR(INDEX(Recipes!$L$5:$L$204,MATCH(G5,Recipes!$A$5:$A$204,0)),"")*H5,"")) -> 0 | Q5: =IF(OR(G5="",H5=""),"",IFERROR(IFERROR(INDEX(Recipes!$Q$5:$Q$204,MATCH(G5,Recipes!$A$5:$A$204,0)),"")*H5,"")) -> 0 | R5: =IF(F5="","",Weekly_Budget/21) -> 0 | Y5: =IF(G5="","",IF(COUNTIFS('Meal Prep'!$D$5:$D$124,G5)>0,"Yes","No")) -> 0 | Z5: =IF(G5="","",COUNTIFS('Recipe Ingredients'!$A$5:$A$1204,G5)) -> 0 | AB5: =IF(OR(B5="",Q5=""),"",COUNTIFS($B$5:$B$504,B5,$Q$5:$Q$504,">"&Q5)+1) -> 0 | AC5: =IF(OR(B5="",L5=""),"",COUNTIFS($B$5:$B$504,B5,$L$5:$L$504,">"&L5)+1) -> 0 | AD5: =IF(G5="","",IF(COUNTIFS($G$5:$G$504,G5)>1,"Repeat","Once")) -> 0 | AE5: =IF(G5="","",IF(IFERROR(INDEX(Recipes!$X$5:$X$204,MATCH(G5,Recipes!$A$5:$A$204,0)),"")="","",IFERROR(B5-IFERROR(INDEX(Recipes!$X$5:$X$204,MATCH(G5,Recipes!$A$5:$A$204,0)),""),""))) -> 0 | AF5: =IF(G5="","",IF(AE5="","Yes",IF(AE5>=Rotation_Gap_Days,"Yes","No"))) -> 0 | AG5: =IF(G5="","",IF(COUNTIFS('Recipe Ingredients'!$A$5:$A$1204,G5,'Recipe Ingredients'!$AC$5:$AC$1204,"Check")>0,"Check","OK")) -> 0
C6: =IF(B6="","",B6-WEEKDAY(B6,2)+1) -> 0 | D6: =IF(B6="","",TEXT(B6,"ddd")) -> 0 | E6: =IF(B6="","",TEXT(B6,"mmm yyyy")) -> 0 | I6: =IF(G6="","",IFERROR(INDEX(Recipes!$D$5:$D$204,MATCH(G6,Recipes!$A$5:$A$204,0)),"")) -> 0 | J6: =IF(OR(G6="",H6="",I6="",I6=0),"",H6/I6) -> 0 | K6: =IF(B6="","",Household_Size) -> 0 | L6: =IF(OR(G6="",H6=""),"",IFERROR(IFERROR(INDEX(Recipes!$H$5:$H$204,MATCH(G6,Recipes!$A$5:$A$204,0)),"")*H6,"")) -> 0 | M6: =IF(OR(G6="",H6=""),"",IFERROR(IFERROR(INDEX(Recipes!$I$5:$I$204,MATCH(G6,Recipes!$A$5:$A$204,0)),"")*H6,"")) -> 0 | N6: =IF(OR(G6="",H6=""),"",IFERROR(IFERROR(INDEX(Recipes!$J$5:$J$204,MATCH(G6,Recipes!$A$5:$A$204,0)),"")*H6,"")) -> 0 | O6: =IF(OR(G6="",H6=""),"",IFERROR(IFERROR(INDEX(Recipes!$K$5:$K$204,MATCH(G6,Recipes!$A$5:$A$204,0)),"")*H6,"")) -> 0 | P6: =IF(OR(G6="",H6=""),"",IFERROR(IFERROR(INDEX(Recipes!$L$5:$L$204,MATCH(G6,Recipes!$A$5:$A$204,0)),"")*H6,"")) -> 0 | Q6: =IF(OR(G6="",H6=""),"",IFERROR(IFERROR(INDEX(Recipes!$Q$5:$Q$204,MATCH(G6,Recipes!$A$5:$A$204,0)),"")*H6,"")) -> 0 | R6: =IF(F6="","",Weekly_Budget/21) -> 0 | Y6: =IF(G6="","",IF(COUNTIFS('Meal Prep'!$D$5:$D$124,G6)>0,"Yes","No")) -> 0 | Z6: =IF(G6="","",COUNTIFS('Recipe Ingredients'!$A$5:$A$1204,G6)) -> 0 | AB6: =IF(OR(B6="",Q6=""),"",COUNTIFS($B$5:$B$504,B6,$Q$5:$Q$504,">"&Q6)+1) -> 0 | AC6: =IF(OR(B6="",L6=""),"",COUNTIFS($B$5:$B$504,B6,$L$5:$L$504,">"&L6)+1) -> 0 | AD6: =IF(G6="","",IF(COUNTIFS($G$5:$G$504,G6)>1,"Repeat","Once")) -> 0 | AE6: =IF(G6="","",IF(IFERROR(INDEX(Recipes!$X$5:$X$204,MATCH(G6,Recipes!$A$5:$A$204,0)),"")="","",IFERROR(B6-IFERROR(INDEX(Recipes!$X$5:$X$204,MATCH(G6,Recipes!$A$5:$A$204,0)),""),""))) -> 0 | AF6: =IF(G6="","",IF(AE6="","Yes",IF(AE6>=Rotation_Gap_Days,"Yes","No"))) -> 0 | AG6: =IF(G6="","",IF(COUNTIFS('Recipe Ingredients'!$A$5:$A$1204,G6,'Recipe Ingredients'!$AC$5:$AC$1204,"Check")>0,"Check","OK")) -> 0
C7: =IF(B7="","",B7-WEEKDAY(B7,2)+1) -> 0 | D7: =IF(B7="","",TEXT(B7,"ddd")) -> 0 | E7: =IF(B7="","",TEXT(B7,"mmm yyyy")) -> 0 | I7: =IF(G7="","",IFERROR(INDEX(Recipes!$D$5:$D$204,MATCH(G7,Recipes!$A$5:$A$204,0)),"")) -> 0 | J7: =IF(OR(G7="",H7="",I7="",I7=0),"",H7/I7) -> 0 | K7: =IF(B7="","",Household_Size) -> 0 | L7: =IF(OR(G7="",H7=""),"",IFERROR(IFERROR(INDEX(Recipes!$H$5:$H$204,MATCH(G7,Recipes!$A$5:$A$204,0)),"")*H7,"")) -> 0 | M7: =IF(OR(G7="",H7=""),"",IFERROR(IFERROR(INDEX(Recipes!$I$5:$I$204,MATCH(G7,Recipes!$A$5:$A$204,0)),"")*H7,"")) -> 0 | N7: =IF(OR(G7="",H7=""),"",IFERROR(IFERROR(INDEX(Recipes!$J$5:$J$204,MATCH(G7,Recipes!$A$5:$A$204,0)),"")*H7,"")) -> 0 | O7: =IF(OR(G7="",H7=""),"",IFERROR(IFERROR(INDEX(Recipes!$K$5:$K$204,MATCH(G7,Recipes!$A$5:$A$204,0)),"")*H7,"")) -> 0 | P7: =IF(OR(G7="",H7=""),"",IFERROR(IFERROR(INDEX(Recipes!$L$5:$L$204,MATCH(G7,Recipes!$A$5:$A$204,0)),"")*H7,"")) -> 0 | Q7: =IF(OR(G7="",H7=""),"",IFERROR(IFERROR(INDEX(Recipes!$Q$5:$Q$204,MATCH(G7,Recipes!$A$5:$A$204,0)),"")*H7,"")) -> 0 | R7: =IF(F7="","",Weekly_Budget/21) -> 0 | Y7: =IF(G7="","",IF(COUNTIFS('Meal Prep'!$D$5:$D$124,G7)>0,"Yes","No")) -> 0 | Z7: =IF(G7="","",COUNTIFS('Recipe Ingredients'!$A$5:$A$1204,G7)) -> 0 | AB7: =IF(OR(B7="",Q7=""),"",COUNTIFS($B$5:$B$504,B7,$Q$5:$Q$504,">"&Q7)+1) -> 0 | AC7: =IF(OR(B7="",L7=""),"",COUNTIFS($B$5:$B$504,B7,$L$5:$L$504,">"&L7)+1) -> 0 | AD7: =IF(G7="","",IF(COUNTIFS($G$5:$G$504,G7)>1,"Repeat","Once")) -> 0 | AE7: =IF(G7="","",IF(IFERROR(INDEX(Recipes!$X$5:$X$204,MATCH(G7,Recipes!$A$5:$A$204,0)),"")="","",IFERROR(B7-IFERROR(INDEX(Recipes!$X$5:$X$204,MATCH(G7,Recipes!$A$5:$A$204,0)),""),""))) -> 0 | AF7: =IF(G7="","",IF(AE7="","Yes",IF(AE7>=Rotation_Gap_Days,"Yes","No"))) -> 0 | AG7: =IF(G7="","",IF(COUNTIFS('Recipe Ingredients'!$A$5:$A$1204,G7,'Recipe Ingredients'!$AC$5:$AC$1204,"Check")>0,"Check","OK")) -> 0
C8: =IF(B8="","",B8-WEEKDAY(B8,2)+1) -> 0 | D8: =IF(B8="","",TEXT(B8,"ddd")) -> 0 | E8: =IF(B8="","",TEXT(B8,"mmm yyyy")) -> 0 | I8: =IF(G8="","",IFERROR(INDEX(Recipes!$D$5:$D$204,MATCH(G8,Recipes!$A$5:$A$204,0)),"")) -> 0 | J8: =IF(OR(G8="",H8="",I8="",I8=0),"",H8/I8) -> 0 | K8: =IF(B8="","",Household_Size) -> 0 | L8: =IF(OR(G8="",H8=""),"",IFERROR(IFERROR(INDEX(Recipes!$H$5:$H$204,MATCH(G8,Recipes!$A$5:$A$204,0)),"")*H8,"")) -> 0 | M8: =IF(OR(G8="",H8=""),"",IFERROR(IFERROR(INDEX(Recipes!$I$5:$I$204,MATCH(G8,Recipes!$A$5:$A$204,0)),"")*H8,"")) -> 0 | N8: =IF(OR(G8="",H8=""),"",IFERROR(IFERROR(INDEX(Recipes!$J$5:$J$204,MATCH(G8,Recipes!$A$5:$A$204,0)),"")*H8,"")) -> 0 | O8: =IF(OR(G8="",H8=""),"",IFERROR(IFERROR(INDEX(Recipes!$K$5:$K$204,MATCH(G8,Recipes!$A$5:$A$204,0)),"")*H8,"")) -> 0 | P8: =IF(OR(G8="",H8=""),"",IFERROR(IFERROR(INDEX(Recipes!$L$5:$L$204,MATCH(G8,Recipes!$A$5:$A$204,0)),"")*H8,"")) -> 0 | Q8: =IF(OR(G8="",H8=""),"",IFERROR(IFERROR(INDEX(Recipes!$Q$5:$Q$204,MATCH(G8,Recipes!$A$5:$A$204,0)),"")*H8,"")) -> 0 | R8: =IF(F8="","",Weekly_Budget/21) -> 0 | Y8: =IF(G8="","",IF(COUNTIFS('Meal Prep'!$D$5:$D$124,G8)>0,"Yes","No")) -> 0 | Z8: =IF(G8="","",COUNTIFS('Recipe Ingredients'!$A$5:$A$1204,G8)) -> 0 | AB8: =IF(OR(B8="",Q8=""),"",COUNTIFS($B$5:$B$504,B8,$Q$5:$Q$504,">"&Q8)+1) -> 0 | AC8: =IF(OR(B8="",L8=""),"",COUNTIFS($B$5:$B$504,B8,$L$5:$L$504,">"&L8)+1) -> 0 | AD8: =IF(G8="","",IF(COUNTIFS($G$5:$G$504,G8)>1,"Repeat","Once")) -> 0 | AE8: =IF(G8="","",IF(IFERROR(INDEX(Recipes!$X$5:$X$204,MATCH(G8,Recipes!$A$5:$A$204,0)),"")="","",IFERROR(B8-IFERROR(INDEX(Recipes!$X$5:$X$204,MATCH(G8,Recipes!$A$5:$A$204,0)),""),""))) -> 0 | AF8: =IF(G8="","",IF(AE8="","Yes",IF(AE8>=Rotation_Gap_Days,"Yes","No"))) -> 0 | AG8: =IF(G8="","",IF(COUNTIFS('Recipe Ingredients'!$A$5:$A$1204,G8,'Recipe Ingredients'!$AC$5:$AC$1204,"Check")>0,"Check","OK")) -> 0
C9: =IF(B9="","",B9-WEEKDAY(B9,2)+1) -> 0 | D9: =IF(B9="","",TEXT(B9,"ddd")) -> 0 | E9: =IF(B9="","",TEXT(B9,"mmm yyyy")) -> 0 | I9: =IF(G9="","",IFERROR(INDEX(Recipes!$D$5:$D$204,MATCH(G9,Recipes!$A$5:$A$204,0)),"")) -> 0 | J9: =IF(OR(G9="",H9="",I9="",I9=0),"",H9/I9) -> 0 | K9: =IF(B9="","",Household_Size) -> 0 | L9: =IF(OR(G9="",H9=""),"",IFERROR(IFERROR(INDEX(Recipes!$H$5:$H$204,MATCH(G9,Recipes!$A$5:$A$204,0)),"")*H9,"")) -> 0 | M9: =IF(OR(G9="",H9=""),"",IFERROR(IFERROR(INDEX(Recipes!$I$5:$I$204,MATCH(G9,Recipes!$A$5:$A$204,0)),"")*H9,"")) -> 0 | N9: =IF(OR(G9="",H9=""),"",IFERROR(IFERROR(INDEX(Recipes!$J$5:$J$204,MATCH(G9,Recipes!$A$5:$A$204,0)),"")*H9,"")) -> 0 | O9: =IF(OR(G9="",H9=""),"",IFERROR(IFERROR(INDEX(Recipes!$K$5:$K$204,MATCH(G9,Recipes!$A$5:$A$204,0)),"")*H9,"")) -> 0 | P9: =IF(OR(G9="",H9=""),"",IFERROR(IFERROR(INDEX(Recipes!$L$5:$L$204,MATCH(G9,Recipes!$A$5:$A$204,0)),"")*H9,"")) -> 0 | Q9: =IF(OR(G9="",H9=""),"",IFERROR(IFERROR(INDEX(Recipes!$Q$5:$Q$204,MATCH(G9,Recipes!$A$5:$A$204,0)),"")*H9,"")) -> 0 | R9: =IF(F9="","",Weekly_Budget/21) -> 0 | Y9: =IF(G9="","",IF(COUNTIFS('Meal Prep'!$D$5:$D$124,G9)>0,"Yes","No")) -> 0 | Z9: =IF(G9="","",COUNTIFS('Recipe Ingredients'!$A$5:$A$1204,G9)) -> 0 | AB9: =IF(OR(B9="",Q9=""),"",COUNTIFS($B$5:$B$504,B9,$Q$5:$Q$504,">"&Q9)+1) -> 0 | AC9: =IF(OR(B9="",L9=""),"",COUNTIFS($B$5:$B$504,B9,$L$5:$L$504,">"&L9)+1) -> 0 | AD9: =IF(G9="","",IF(COUNTIFS($G$5:$G$504,G9)>1,"Repeat","Once")) -> 0 | AE9: =IF(G9="","",IF(IFERROR(INDEX(Recipes!$X$5:$X$204,MATCH(G9,Recipes!$A$5:$A$204,0)),"")="","",IFERROR(B9-IFERROR(INDEX(Recipes!$X$5:$X$204,MATCH(G9,Recipes!$A$5:$A$204,0)),""),""))) -> 0 | AF9: =IF(G9="","",IF(AE9="","Yes",IF(AE9>=Rotation_Gap_Days,"Yes","No"))) -> 0 | AG9: =IF(G9="","",IF(COUNTIFS('Recipe Ingredients'!$A$5:$A$1204,G9,'Recipe Ingredients'!$AC$5:$AC$1204,"Check")>0,"Check","OK")) -> 0
C10: =IF(B10="","",B10-WEEKDAY(B10,2)+1) -> 0 | D10: =IF(B10="","",TEXT(B10,"ddd")) -> 0 | E10: =IF(B10="","",TEXT(B10,"mmm yyyy")) -> 0 | I10: =IF(G10="","",IFERROR(INDEX(Recipes!$D$5:$D$204,MATCH(G10,Recipes!$A$5:$A$204,0)),"")) -> 0 | J10: =IF(OR(G10="",H10="",I10="",I10=0),"",H10/I10) -> 0 | K10: =IF(B10="","",Household_Size) -> 0 | L10: =IF(OR(G10="",H10=""),"",IFERROR(IFERROR(INDEX(Recipes!$H$5:$H$204,MATCH(G10,Recipes!$A$5:$A$204,0)),"")*H10,"")) -> 0 | M10: =IF(OR(G10="",H10=""),"",IFERROR(IFERROR(INDEX(Recipes!$I$5:$I$204,MATCH(G10,Recipes!$A$5:$A$204,0)),"")*H10,"")) -> 0 | N10: =IF(OR(G10="",H10=""),"",IFERROR(IFERROR(INDEX(Recipes!$J$5:$J$204,MATCH(G10,Recipes!$A$5:$A$204,0)),"")*H10,"")) -> 0 | O10: =IF(OR(G10="",H10=""),"",IFERROR(IFERROR(INDEX(Recipes!$K$5:$K$204,MATCH(G10,Recipes!$A$5:$A$204,0)),"")*H10,"")) -> 0 | P10: =IF(OR(G10="",H10=""),"",IFERROR(IFERROR(INDEX(Recipes!$L$5:$L$204,MATCH(G10,Recipes!$A$5:$A$204,0)),"")*H10,"")) -> 0 | Q10: =IF(OR(G10="",H10=""),"",IFERROR(IFERROR(INDEX(Recipes!$Q$5:$Q$204,MATCH(G10,Recipes!$A$5:$A$204,0)),"")*H10,"")) -> 0 | R10: =IF(F10="","",Weekly_Budget/21) -> 0 | Y10: =IF(G10="","",IF(COUNTIFS('Meal Prep'!$D$5:$D$124,G10)>0,"Yes","No")) -> 0 | Z10: =IF(G10="","",COUNTIFS('Recipe Ingredients'!$A$5:$A$1204,G10)) -> 0 | AB10: =IF(OR(B10="",Q10=""),"",COUNTIFS($B$5:$B$504,B10,$Q$5:$Q$504,">"&Q10)+1) -> 0 | AC10: =IF(OR(B10="",L10=""),"",COUNTIFS($B$5:$B$504,B10,$L$5:$L$504,">"&L10)+1) -> 0 | AD10: =IF(G10="","",IF(COUNTIFS($G$5:$G$504,G10)>1,"Repeat","Once")) -> 0 | AE10: =IF(G10="","",IF(IFERROR(INDEX(Recipes!$X$5:$X$204,MATCH(G10,Recipes!$A$5:$A$204,0)),"")="","",IFERROR(B10-IFERROR(INDEX(Recipes!$X$5:$X$204,MATCH(G10,Recipes!$A$5:$A$204,0)),""),""))) -> 0 | AF10: =IF(G10="","",IF(AE10="","Yes",IF(AE10>=Rotation_Gap_Days,"Yes","No"))) -> 0 | AG10: =IF(G10="","",IF(COUNTIFS('Recipe Ingredients'!$A$5:$A$1204,G10,'Recipe Ingredients'!$AC$5:$AC$1204,"Check")>0,"Check","OK")) -> 0
C11: =IF(B11="","",B11-WEEKDAY(B11,2)+1) -> 0 | D11: =IF(B11="","",TEXT(B11,"ddd")) -> 0 | E11: =IF(B11="","",TEXT(B11,"mmm yyyy")) -> 0 | I11: =IF(G11="","",IFERROR(INDEX(Recipes!$D$5:$D$204,MATCH(G11,Recipes!$A$5:$A$204,0)),"")) -> 0 | J11: =IF(OR(G11="",H11="",I11="",I11=0),"",H11/I11) -> 0 | K11: =IF(B11="","",Household_Size) -> 0 | L11: =IF(OR(G11="",H11=""),"",IFERROR(IFERROR(INDEX(Recipes!$H$5:$H$204,MATCH(G11,Recipes!$A$5:$A$204,0)),"")*H11,"")) -> 0 | M11: =IF(OR(G11="",H11=""),"",IFERROR(IFERROR(INDEX(Recipes!$I$5:$I$204,MATCH(G11,Recipes!$A$5:$A$204,0)),"")*H11,"")) -> 0 | N11: =IF(OR(G11="",H11=""),"",IFERROR(IFERROR(INDEX(Recipes!$J$5:$J$204,MATCH(G11,Recipes!$A$5:$A$204,0)),"")*H11,"")) -> 0 | O11: =IF(OR(G11="",H11=""),"",IFERROR(IFERROR(INDEX(Recipes!$K$5:$K$204,MATCH(G11,Recipes!$A$5:$A$204,0)),"")*H11,"")) -> 0 | P11: =IF(OR(G11="",H11=""),"",IFERROR(IFERROR(INDEX(Recipes!$L$5:$L$204,MATCH(G11,Recipes!$A$5:$A$204,0)),"")*H11,"")) -> 0 | Q11: =IF(OR(G11="",H11=""),"",IFERROR(IFERROR(INDEX(Recipes!$Q$5:$Q$204,MATCH(G11,Recipes!$A$5:$A$204,0)),"")*H11,"")) -> 0 | R11: =IF(F11="","",Weekly_Budget/21) -> 0 | Y11: =IF(G11="","",IF(COUNTIFS('Meal Prep'!$D$5:$D$124,G11)>0,"Yes","No")) -> 0 | Z11: =IF(G11="","",COUNTIFS('Recipe Ingredients'!$A$5:$A$1204,G11)) -> 0 | AB11: =IF(OR(B11="",Q11=""),"",COUNTIFS($B$5:$B$504,B11,$Q$5:$Q$504,">"&Q11)+1) -> 0 | AC11: =IF(OR(B11="",L11=""),"",COUNTIFS($B$5:$B$504,B11,$L$5:$L$504,">"&L11)+1) -> 0 | AD11: =IF(G11="","",IF(COUNTIFS($G$5:$G$504,G11)>1,"Repeat","Once")) -> 0 | AE11: =IF(G11="","",IF(IFERROR(INDEX(Recipes!$X$5:$X$204,MATCH(G11,Recipes!$A$5:$A$204,0)),"")="","",IFERROR(B11-IFERROR(INDEX(Recipes!$X$5:$X$204,MATCH(G11,Recipes!$A$5:$A$204,0)),""),""))) -> 0 | AF11: =IF(G11="","",IF(AE11="","Yes",IF(AE11>=Rotation_Gap_Days,"Yes","No"))) -> 0 | AG11: =IF(G11="","",IF(COUNTIFS('Recipe Ingredients'!$A$5:$A$1204,G11,'Recipe Ingredients'!$AC$5:$AC$1204,"Check")>0,"Check","OK")) -> 0
C12: =IF(B12="","",B12-WEEKDAY(B12,2)+1) -> 0 | D12: =IF(B12="","",TEXT(B12,"ddd")) -> 0 | E12: =IF(B12="","",TEXT(B12,"mmm yyyy")) -> 0 | I12: =IF(G12="","",IFERROR(INDEX(Recipes!$D$5:$D$204,MATCH(G12,Recipes!$A$5:$A$204,0)),"")) -> 0 | J12: =IF(OR(G12="",H12="",I12="",I12=0),"",H12/I12) -> 0 | K12: =IF(B12="","",Household_Size) -> 0 | L12: =IF(OR(G12="",H12=""),"",IFERROR(IFERROR(INDEX(Recipes!$H$5:$H$204,MATCH(G12,Recipes!$A$5:$A$204,0)),"")*H12,"")) -> 0 | M12: =IF(OR(G12="",H12=""),"",IFERROR(IFERROR(INDEX(Recipes!$I$5:$I$204,MATCH(G12,Recipes!$A$5:$A$204,0)),"")*H12,"")) -> 0 | N12: =IF(OR(G12="",H12=""),"",IFERROR(IFERROR(INDEX(Recipes!$J$5:$J$204,MATCH(G12,Recipes!$A$5:$A$204,0)),"")*H12,"")) -> 0 | O12: =IF(OR(G12="",H12=""),"",IFERROR(IFERROR(INDEX(Recipes!$K$5:$K$204,MATCH(G12,Recipes!$A$5:$A$204,0)),"")*H12,"")) -> 0 | P12: =IF(OR(G12="",H12=""),"",IFERROR(IFERROR(INDEX(Recipes!$L$5:$L$204,MATCH(G12,Recipes!$A$5:$A$204,0)),"")*H12,"")) -> 0 | Q12: =IF(OR(G12="",H12=""),"",IFERROR(IFERROR(INDEX(Recipes!$Q$5:$Q$204,MATCH(G12,Recipes!$A$5:$A$204,0)),"")*H12,"")) -> 0 | R12: =IF(F12="","",Weekly_Budget/21) -> 0 | Y12: =IF(G12="","",IF(COUNTIFS('Meal Prep'!$D$5:$D$124,G12)>0,"Yes","No")) -> 0 | Z12: =IF(G12="","",COUNTIFS('Recipe Ingredients'!$A$5:$A$1204,G12)) -> 0 | AB12: =IF(OR(B12="",Q12=""),"",COUNTIFS($B$5:$B$504,B12,$Q$5:$Q$504,">"&Q12)+1) -> 0 | AC12: =IF(OR(B12="",L12=""),"",COUNTIFS($B$5:$B$504,B12,$L$5:$L$504,">"&L12)+1) -> 0 | AD12: =IF(G12="","",IF(COUNTIFS($G$5:$G$504,G12)>1,"Repeat","Once")) -> 0 | AE12: =IF(G12="","",IF(IFERROR(INDEX(Recipes!$X$5:$X$204,MATCH(G12,Recipes!$A$5:$A$204,0)),"")="","",IFERROR(B12-IFERROR(INDEX(Recipes!$X$5:$X$204,MATCH(G12,Recipes!$A$5:$A$204,0)),""),""))) -> 0 | AF12: =IF(G12="","",IF(AE12="","Yes",IF(AE12>=Rotation_Gap_Days,"Yes","No"))) -> 0 | AG12: =IF(G12="","",IF(COUNTIFS('Recipe Ingredients'!$A$5:$A$1204,G12,'Recipe Ingredients'!$AC$5:$AC$1204,"Check")>0,"Check","OK")) -> 0
C13: =IF(B13="","",B13-WEEKDAY(B13,2)+1) -> 0 | D13: =IF(B13="","",TEXT(B13,"ddd")) -> 0 | E13: =IF(B13="","",TEXT(B13,"mmm yyyy")) -> 0 | I13: =IF(G13="","",IFERROR(INDEX(Recipes!$D$5:$D$204,MATCH(G13,Recipes!$A$5:$A$204,0)),"")) -> 0 | J13: =IF(OR(G13="",H13="",I13="",I13=0),"",H13/I13) -> 0 | K13: =IF(B13="","",Household_Size) -> 0 | L13: =IF(OR(G13="",H13=""),"",IFERROR(IFERROR(INDEX(Recipes!$H$5:$H$204,MATCH(G13,Recipes!$A$5:$A$204,0)),"")*H13,"")) -> 0 | M13: =IF(OR(G13="",H13=""),"",IFERROR(IFERROR(INDEX(Recipes!$I$5:$I$204,MATCH(G13,Recipes!$A$5:$A$204,0)),"")*H13,"")) -> 0 | N13: =IF(OR(G13="",H13=""),"",IFERROR(IFERROR(INDEX(Recipes!$J$5:$J$204,MATCH(G13,Recipes!$A$5:$A$204,0)),"")*H13,"")) -> 0 | O13: =IF(OR(G13="",H13=""),"",IFERROR(IFERROR(INDEX(Recipes!$K$5:$K$204,MATCH(G13,Recipes!$A$5:$A$204,0)),"")*H13,"")) -> 0 | P13: =IF(OR(G13="",H13=""),"",IFERROR(IFERROR(INDEX(Recipes!$L$5:$L$204,MATCH(G13,Recipes!$A$5:$A$204,0)),"")*H13,"")) -> 0 | Q13: =IF(OR(G13="",H13=""),"",IFERROR(IFERROR(INDEX(Recipes!$Q$5:$Q$204,MATCH(G13,Recipes!$A$5:$A$204,0)),"")*H13,"")) -> 0 | R13: =IF(F13="","",Weekly_Budget/21) -> 0 | Y13: =IF(G13="","",IF(COUNTIFS('Meal Prep'!$D$5:$D$124,G13)>0,"Yes","No")) -> 0 | Z13: =IF(G13="","",COUNTIFS('Recipe Ingredients'!$A$5:$A$1204,G13)) -> 0 | AB13: =IF(OR(B13="",Q13=""),"",COUNTIFS($B$5:$B$504,B13,$Q$5:$Q$504,">"&Q13)+1) -> 0 | AC13: =IF(OR(B13="",L13=""),"",COUNTIFS($B$5:$B$504,B13,$L$5:$L$504,">"&L13)+1) -> 0 | AD13: =IF(G13="","",IF(COUNTIFS($G$5:$G$504,G13)>1,"Repeat","Once")) -> 0 | AE13: =IF(G13="","",IF(IFERROR(INDEX(Recipes!$X$5:$X$204,MATCH(G13,Recipes!$A$5:$A$204,0)),"")="","",IFERROR(B13-IFERROR(INDEX(Recipes!$X$5:$X$204,MATCH(G13,Recipes!$A$5:$A$204,0)),""),""))) -> 0 | AF13: =IF(G13="","",IF(AE13="","Yes",IF(AE13>=Rotation_Gap_Days,"Yes","No"))) -> 0 | AG13: =IF(G13="","",IF(COUNTIFS('Recipe Ingredients'!$A$5:$A$1204,G13,'Recipe Ingredients'!$AC$5:$AC$1204,"Check")>0,"Check","OK")) -> 0
C14: =IF(B14="","",B14-WEEKDAY(B14,2)+1) -> 0 | D14: =IF(B14="","",TEXT(B14,"ddd")) -> 0 | E14: =IF(B14="","",TEXT(B14,"mmm yyyy")) -> 0 | I14: =IF(G14="","",IFERROR(INDEX(Recipes!$D$5:$D$204,MATCH(G14,Recipes!$A$5:$A$204,0)),"")) -> 0 | J14: =IF(OR(G14="",H14="",I14="",I14=0),"",H14/I14) -> 0 | K14: =IF(B14="","",Household_Size) -> 0 | L14: =IF(OR(G14="",H14=""),"",IFERROR(IFERROR(INDEX(Recipes!$H$5:$H$204,MATCH(G14,Recipes!$A$5:$A$204,0)),"")*H14,"")) -> 0 | M14: =IF(OR(G14="",H14=""),"",IFERROR(IFERROR(INDEX(Recipes!$I$5:$I$204,MATCH(G14,Recipes!$A$5:$A$204,0)),"")*H14,"")) -> 0 | N14: =IF(OR(G14="",H14=""),"",IFERROR(IFERROR(INDEX(Recipes!$J$5:$J$204,MATCH(G14,Recipes!$A$5:$A$204,0)),"")*H14,"")) -> 0 | O14: =IF(OR(G14="",H14=""),"",IFERROR(IFERROR(INDEX(Recipes!$K$5:$K$204,MATCH(G14,Recipes!$A$5:$A$204,0)),"")*H14,"")) -> 0 | P14: =IF(OR(G14="",H14=""),"",IFERROR(IFERROR(INDEX(Recipes!$L$5:$L$204,MATCH(G14,Recipes!$A$5:$A$204,0)),"")*H14,"")) -> 0 | Q14: =IF(OR(G14="",H14=""),"",IFERROR(IFERROR(INDEX(Recipes!$Q$5:$Q$204,MATCH(G14,Recipes!$A$5:$A$204,0)),"")*H14,"")) -> 0 | R14: =IF(F14="","",Weekly_Budget/21) -> 0 | Y14: =IF(G14="","",IF(COUNTIFS('Meal Prep'!$D$5:$D$124,G14)>0,"Yes","No")) -> 0 | Z14: =IF(G14="","",COUNTIFS('Recipe Ingredients'!$A$5:$A$1204,G14)) -> 0 | AB14: =IF(OR(B14="",Q14=""),"",COUNTIFS($B$5:$B$504,B14,$Q$5:$Q$504,">"&Q14)+1) -> 0 | AC14: =IF(OR(B14="",L14=""),"",COUNTIFS($B$5:$B$504,B14,$L$5:$L$504,">"&L14)+1) -> 0 | AD14: =IF(G14="","",IF(COUNTIFS($G$5:$G$504,G14)>1,"Repeat","Once")) -> 0 | AE14: =IF(G14="","",IF(IFERROR(INDEX(Recipes!$X$5:$X$204,MATCH(G14,Recipes!$A$5:$A$204,0)),"")="","",IFERROR(B14-IFERROR(INDEX(Recipes!$X$5:$X$204,MATCH(G14,Recipes!$A$5:$A$204,0)),""),""))) -> 0 | AF14: =IF(G14="","",IF(AE14="","Yes",IF(AE14>=Rotation_Gap_Days,"Yes","No"))) -> 0 | AG14: =IF(G14="","",IF(COUNTIFS('Recipe Ingredients'!$A$5:$A$1204,G14,'Recipe Ingredients'!$AC$5:$AC$1204,"Check")>0,"Check","OK")) -> 0
C15: =IF(B15="","",B15-WEEKDAY(B15,2)+1) -> 0 | D15: =IF(B15="","",TEXT(B15,"ddd")) -> 0 | E15: =IF(B15="","",TEXT(B15,"mmm yyyy")) -> 0 | I15: =IF(G15="","",IFERROR(INDEX(Recipes!$D$5:$D$204,MATCH(G15,Recipes!$A$5:$A$204,0)),"")) -> 0 | J15: =IF(OR(G15="",H15="",I15="",I15=0),"",H15/I15) -> 0 | K15: =IF(B15="","",Household_Size) -> 0 | L15: =IF(OR(G15="",H15=""),"",IFERROR(IFERROR(INDEX(Recipes!$H$5:$H$204,MATCH(G15,Recipes!$A$5:$A$204,0)),"")*H15,"")) -> 0 | M15: =IF(OR(G15="",H15=""),"",IFERROR(IFERROR(INDEX(Recipes!$I$5:$I$204,MATCH(G15,Recipes!$A$5:$A$204,0)),"")*H15,"")) -> 0 | N15: =IF(OR(G15="",H15=""),"",IFERROR(IFERROR(INDEX(Recipes!$J$5:$J$204,MATCH(G15,Recipes!$A$5:$A$204,0)),"")*H15,"")) -> 0 | O15: =IF(OR(G15="",H15=""),"",IFERROR(IFERROR(INDEX(Recipes!$K$5:$K$204,MATCH(G15,Recipes!$A$5:$A$204,0)),"")*H15,"")) -> 0 | P15: =IF(OR(G15="",H15=""),"",IFERROR(IFERROR(INDEX(Recipes!$L$5:$L$204,MATCH(G15,Recipes!$A$5:$A$204,0)),"")*H15,"")) -> 0 | Q15: =IF(OR(G15="",H15=""),"",IFERROR(IFERROR(INDEX(Recipes!$Q$5:$Q$204,MATCH(G15,Recipes!$A$5:$A$204,0)),"")*H15,"")) -> 0 | R15: =IF(F15="","",Weekly_Budget/21) -> 0 | Y15: =IF(G15="","",IF(COUNTIFS('Meal Prep'!$D$5:$D$124,G15)>0,"Yes","No")) -> 0 | Z15: =IF(G15="","",COUNTIFS('Recipe Ingredients'!$A$5:$A$1204,G15)) -> 0 | AB15: =IF(OR(B15="",Q15=""),"",COUNTIFS($B$5:$B$504,B15,$Q$5:$Q$504,">"&Q15)+1) -> 0 | AC15: =IF(OR(B15="",L15=""),"",COUNTIFS($B$5:$B$504,B15,$L$5:$L$504,">"&L15)+1) -> 0 | AD15: =IF(G15="","",IF(COUNTIFS($G$5:$G$504,G15)>1,"Repeat","Once")) -> 0 | AE15: =IF(G15="","",IF(IFERROR(INDEX(Recipes!$X$5:$X$204,MATCH(G15,Recipes!$A$5:$A$204,0)),"")="","",IFERROR(B15-IFERROR(INDEX(Recipes!$X$5:$X$204,MATCH(G15,Recipes!$A$5:$A$204,0)),""),""))) -> 0 | AF15: =IF(G15="","",IF(AE15="","Yes",IF(AE15>=Rotation_Gap_Days,"Yes","No"))) -> 0 | AG15: =IF(G15="","",IF(COUNTIFS('Recipe Ingredients'!$A$5:$A$1204,G15,'Recipe Ingredients'!$AC$5:$AC$1204,"Check")>0,"Check","OK")) -> 0
C16: =IF(B16="","",B16-WEEKDAY(B16,2)+1) -> 0 | D16: =IF(B16="","",TEXT(B16,"ddd")) -> 0 | E16: =IF(B16="","",TEXT(B16,"mmm yyyy")) -> 0 | I16: =IF(G16="","",IFERROR(INDEX(Recipes!$D$5:$D$204,MATCH(G16,Recipes!$A$5:$A$204,0)),"")) -> 0 | J16: =IF(OR(G16="",H16="",I16="",I16=0),"",H16/I16) -> 0 | K16: =IF(B16="","",Household_Size) -> 0 | L16: =IF(OR(G16="",H16=""),"",IFERROR(IFERROR(INDEX(Recipes!$H$5:$H$204,MATCH(G16,Recipes!$A$5:$A$204,0)),"")*H16,"")) -> 0 | M16: =IF(OR(G16="",H16=""),"",IFERROR(IFERROR(INDEX(Recipes!$I$5:$I$204,MATCH(G16,Recipes!$A$5:$A$204,0)),"")*H16,"")) -> 0 | N16: =IF(OR(G16="",H16=""),"",IFERROR(IFERROR(INDEX(Recipes!$J$5:$J$204,MATCH(G16,Recipes!$A$5:$A$204,0)),"")*H16,"")) -> 0 | O16: =IF(OR(G16="",H16=""),"",IFERROR(IFERROR(INDEX(Recipes!$K$5:$K$204,MATCH(G16,Recipes!$A$5:$A$204,0)),"")*H16,"")) -> 0 | P16: =IF(OR(G16="",H16=""),"",IFERROR(IFERROR(INDEX(Recipes!$L$5:$L$204,MATCH(G16,Recipes!$A$5:$A$204,0)),"")*H16,"")) -> 0 | Q16: =IF(OR(G16="",H16=""),"",IFERROR(IFERROR(INDEX(Recipes!$Q$5:$Q$204,MATCH(G16,Recipes!$A$5:$A$204,0)),"")*H16,"")) -> 0 | R16: =IF(F16="","",Weekly_Budget/21) -> 0 | Y16: =IF(G16="","",IF(COUNTIFS('Meal Prep'!$D$5:$D$124,G16)>0,"Yes","No")) -> 0 | Z16: =IF(G16="","",COUNTIFS('Recipe Ingredients'!$A$5:$A$1204,G16)) -> 0 | AB16: =IF(OR(B16="",Q16=""),"",COUNTIFS($B$5:$B$504,B16,$Q$5:$Q$504,">"&Q16)+1) -> 0 | AC16: =IF(OR(B16="",L16=""),"",COUNTIFS($B$5:$B$504,B16,$L$5:$L$504,">"&L16)+1) -> 0 | AD16: =IF(G16="","",IF(COUNTIFS($G$5:$G$504,G16)>1,"Repeat","Once")) -> 0 | AE16: =IF(G16="","",IF(IFERROR(INDEX(Recipes!$X$5:$X$204,MATCH(G16,Recipes!$A$5:$A$204,0)),"")="","",IFERROR(B16-IFERROR(INDEX(Recipes!$X$5:$X$204,MATCH(G16,Recipes!$A$5:$A$204,0)),""),""))) -> 0 | AF16: =IF(G16="","",IF(AE16="","Yes",IF(AE16>=Rotation_Gap_Days,"Yes","No"))) -> 0 | AG16: =IF(G16="","",IF(COUNTIFS('Recipe Ingredients'!$A$5:$A$1204,G16,'Recipe Ingredients'!$AC$5:$AC$1204,"Check")>0,"Check","OK")) -> 0
... C504: =IF(B504="","",B504-WEEKDAY(B504,2)+1) -> 0 | D504: =IF(B504="","",TEXT(B504,"ddd")) -> 0 | E504: =IF(B504="","",TEXT(B504,"mmm yyyy")) -> 0 | I504: =IF(G504="","",IFERROR(INDEX(Recipes!$D$5:$D$204,MATCH(G504,Recipes!$A$5:$A$204,0)),"")) -> 0 | J504: =IF(OR(G504="",H504="",I504="",I504=0),"",H504/I504) -> 0 | K504: =IF(B504="","",Household_Size) -> 0 | L504: =IF(OR(G504="",H504=""),"",IFERROR(IFERROR(INDEX(Recipes!$H$5:$H$204,MATCH(G504,Recipes!$A$5:$A$204,0)),"")*H504,"")) -> 0 | M504: =IF(OR(G504="",H504=""),"",IFERROR(IFERROR(INDEX(Recipes!$I$5:$I$204,MATCH(G504,Recipes!$A$5:$A$204,0)),"")*H504,"")) -> 0 | N504: =IF(OR(G504="",H504=""),"",IFERROR(IFERROR(INDEX(Recipes!$J$5:$J$204,MATCH(G504,Recipes!$A$5:$A$204,0)),"")*H504,"")) -> 0 | O504: =IF(OR(G504="",H504=""),"",IFERROR(IFERROR(INDEX(Recipes!$K$5:$K$204,MATCH(G504,Recipes!$A$5:$A$204,0)),"")*H504,"")) -> 0 | P504: =IF(OR(G504="",H504=""),"",IFERROR(IFERROR(INDEX(Recipes!$L$5:$L$204,MATCH(G504,Recipes!$A$5:$A$204,0)),"")*H504,"")) -> 0 | Q504: =IF(OR(G504="",H504=""),"",IFERROR(IFERROR(INDEX(Recipes!$Q$5:$Q$204,MATCH(G504,Recipes!$A$5:$A$204,0)),"")*H504,"")) -> 0 | R504: =IF(F504="","",Weekly_Budget/21) -> 0 | Y504: =IF(G504="","",IF(COUNTIFS('Meal Prep'!$D$5:$D$124,G504)>0,"Yes","No")) -> 0 | Z504: =IF(G504="","",COUNTIFS('Recipe Ingredients'!$A$5:$A$1204,G504)) -> 0 | AB504: =IF(OR(B504="",Q504=""),"",COUNTIFS($B$5:$B$504,B504,$Q$5:$Q$504,">"&Q504)+1) -> 0 | AC504: =IF(OR(B504="",L504=""),"",COUNTIFS($B$5:$B$504,B504,$L$5:$L$504,">"&L504)+1) -> 0 | AD504: =IF(G504="","",IF(COUNTIFS($G$5:$G$504,G504)>1,"Repeat","Once")) -> 0 | AE504: =IF(G504="","",IF(IFERROR(INDEX(Recipes!$X$5:$X$204,MATCH(G504,Recipes!$A$5:$A$204,0)),"")="","",IFERROR(B504-IFERROR(INDEX(Recipes!$X$5:$X$204,MATCH(G504,Recipes!$A$5:$A$204,0)),""),""))) -> 0 | AF504: =IF(G504="","",IF(AE504="","Yes",IF(AE504>=Rotation_Gap_Days,"Yes","No"))) -> 0 | AG504: =IF(G504="","",IF(COUNTIFS('Recipe Ingredients'!$A$5:$A$1204,G504,'Recipe Ingredients'!$AC$5:$AC$1204,"Check")>0,"Check","OK")) -> 0

Sheet Grocery List
A4: Item | B4: Aisle / category | C4: Quantity | D4: Unit | E4: Store | F4: Aisle | G4: Price / unit | H4: Line total | I4: Pack size | J4: Packs | K4: Pack total | L4: In pantry | M4: Still needed | N4: Buy | O4: Bought | P4: Bought on | Q4: Price paid | R4: Vs planned | S4: Need rank | T4: Sort key | U4: Buy rank | V4: Priority | W4: Week starting | X4: From recipe | Y4: Staple | Z4: Status | AA4: Notes
B5: =IF(A5="","",IFERROR(INDEX(Ingredients!$B$5:$B$304,MATCH(A5,Ingredients!$A$5:$A$304,0)),"")) -> 0 | G5: =IF(A5="","",IFERROR(INDEX(Ingredients!$D$5:$D$304,MATCH(A5,Ingredients!$A$5:$A$304,0)),"")) -> 0 | H5: =IF(OR(A5="",C5="",G5=""),"",C5*G5) -> 0 | J5: =IF(OR(C5="",I5="",I5=0),"",CEILING(C5/I5,1)) -> 0 | K5: =IF(OR(J5="",I5="",G5=""),"",J5*I5*G5) -> 0 | L5: =IF(A5="","",SUMIFS(Pantry!$C$5:$C$304,Pantry!$A$5:$A$304,A5)) -> 0 | M5: =IF(OR(A5="",C5=""),"",MAX(0,C5-L5)) -> 0 | R5: =IF(OR(Q5="",H5=""),"",Q5-H5) -> 0 | S5: =IF(M5="","",COUNTIFS($M$5:$M$304,">"&M5)+1) -> 0 | T5: =IF(H5="","",H5+ROW()/1000000) -> 0 | U5: =IF(OR(N5<>"Yes",T5=""),"",COUNTIFS($N$5:$N$304,"Yes",$T$5:$T$304,"<"&T5)+1) -> 0 | V5: =IF(A5="","",IF(O5="Yes","Bought",IF(M5<=0,"Have it",IF(N5<>"Yes","Skip",IF(S5<=10,"Must have","Nice to have"))))) -> 0 | X5: =IF(A5="","",IFERROR(INDEX('Recipe Ingredients'!$A$5:$A$1204,MATCH(A5,'Recipe Ingredients'!$B$5:$B$1204,0)),"")) -> 0 | Y5: =IF(A5="","",IFERROR(INDEX(Ingredients!$O$5:$O$304,MATCH(A5,Ingredients!$A$5:$A$304,0)),"")) -> 0 | Z5: =IF(A5="","",IF(O5="Yes","Bought",IF(N5="Yes","To buy","Not needed"))) -> 0
B6: =IF(A6="","",IFERROR(INDEX(Ingredients!$B$5:$B$304,MATCH(A6,Ingredients!$A$5:$A$304,0)),"")) -> 0 | G6: =IF(A6="","",IFERROR(INDEX(Ingredients!$D$5:$D$304,MATCH(A6,Ingredients!$A$5:$A$304,0)),"")) -> 0 | H6: =IF(OR(A6="",C6="",G6=""),"",C6*G6) -> 0 | J6: =IF(OR(C6="",I6="",I6=0),"",CEILING(C6/I6,1)) -> 0 | K6: =IF(OR(J6="",I6="",G6=""),"",J6*I6*G6) -> 0 | L6: =IF(A6="","",SUMIFS(Pantry!$C$5:$C$304,Pantry!$A$5:$A$304,A6)) -> 0 | M6: =IF(OR(A6="",C6=""),"",MAX(0,C6-L6)) -> 0 | R6: =IF(OR(Q6="",H6=""),"",Q6-H6) -> 0 | S6: =IF(M6="","",COUNTIFS($M$5:$M$304,">"&M6)+1) -> 0 | T6: =IF(H6="","",H6+ROW()/1000000) -> 0 | U6: =IF(OR(N6<>"Yes",T6=""),"",COUNTIFS($N$5:$N$304,"Yes",$T$5:$T$304,"<"&T6)+1) -> 0 | V6: =IF(A6="","",IF(O6="Yes","Bought",IF(M6<=0,"Have it",IF(N6<>"Yes","Skip",IF(S6<=10,"Must have","Nice to have"))))) -> 0 | X6: =IF(A6="","",IFERROR(INDEX('Recipe Ingredients'!$A$5:$A$1204,MATCH(A6,'Recipe Ingredients'!$B$5:$B$1204,0)),"")) -> 0 | Y6: =IF(A6="","",IFERROR(INDEX(Ingredients!$O$5:$O$304,MATCH(A6,Ingredients!$A$5:$A$304,0)),"")) -> 0 | Z6: =IF(A6="","",IF(O6="Yes","Bought",IF(N6="Yes","To buy","Not needed"))) -> 0
B7: =IF(A7="","",IFERROR(INDEX(Ingredients!$B$5:$B$304,MATCH(A7,Ingredients!$A$5:$A$304,0)),"")) -> 0 | G7: =IF(A7="","",IFERROR(INDEX(Ingredients!$D$5:$D$304,MATCH(A7,Ingredients!$A$5:$A$304,0)),"")) -> 0 | H7: =IF(OR(A7="",C7="",G7=""),"",C7*G7) -> 0 | J7: =IF(OR(C7="",I7="",I7=0),"",CEILING(C7/I7,1)) -> 0 | K7: =IF(OR(J7="",I7="",G7=""),"",J7*I7*G7) -> 0 | L7: =IF(A7="","",SUMIFS(Pantry!$C$5:$C$304,Pantry!$A$5:$A$304,A7)) -> 0 | M7: =IF(OR(A7="",C7=""),"",MAX(0,C7-L7)) -> 0 | R7: =IF(OR(Q7="",H7=""),"",Q7-H7) -> 0 | S7: =IF(M7="","",COUNTIFS($M$5:$M$304,">"&M7)+1) -> 0 | T7: =IF(H7="","",H7+ROW()/1000000) -> 0 | U7: =IF(OR(N7<>"Yes",T7=""),"",COUNTIFS($N$5:$N$304,"Yes",$T$5:$T$304,"<"&T7)+1) -> 0 | V7: =IF(A7="","",IF(O7="Yes","Bought",IF(M7<=0,"Have it",IF(N7<>"Yes","Skip",IF(S7<=10,"Must have","Nice to have"))))) -> 0 | X7: =IF(A7="","",IFERROR(INDEX('Recipe Ingredients'!$A$5:$A$1204,MATCH(A7,'Recipe Ingredients'!$B$5:$B$1204,0)),"")) -> 0 | Y7: =IF(A7="","",IFERROR(INDEX(Ingredients!$O$5:$O$304,MATCH(A7,Ingredients!$A$5:$A$304,0)),"")) -> 0 | Z7: =IF(A7="","",IF(O7="Yes","Bought",IF(N7="Yes","To buy","Not needed"))) -> 0
B8: =IF(A8="","",IFERROR(INDEX(Ingredients!$B$5:$B$304,MATCH(A8,Ingredients!$A$5:$A$304,0)),"")) -> 0 | G8: =IF(A8="","",IFERROR(INDEX(Ingredients!$D$5:$D$304,MATCH(A8,Ingredients!$A$5:$A$304,0)),"")) -> 0 | H8: =IF(OR(A8="",C8="",G8=""),"",C8*G8) -> 0 | J8: =IF(OR(C8="",I8="",I8=0),"",CEILING(C8/I8,1)) -> 0 | K8: =IF(OR(J8="",I8="",G8=""),"",J8*I8*G8) -> 0 | L8: =IF(A8="","",SUMIFS(Pantry!$C$5:$C$304,Pantry!$A$5:$A$304,A8)) -> 0 | M8: =IF(OR(A8="",C8=""),"",MAX(0,C8-L8)) -> 0 | R8: =IF(OR(Q8="",H8=""),"",Q8-H8) -> 0 | S8: =IF(M8="","",COUNTIFS($M$5:$M$304,">"&M8)+1) -> 0 | T8: =IF(H8="","",H8+ROW()/1000000) -> 0 | U8: =IF(OR(N8<>"Yes",T8=""),"",COUNTIFS($N$5:$N$304,"Yes",$T$5:$T$304,"<"&T8)+1) -> 0 | V8: =IF(A8="","",IF(O8="Yes","Bought",IF(M8<=0,"Have it",IF(N8<>"Yes","Skip",IF(S8<=10,"Must have","Nice to have"))))) -> 0 | X8: =IF(A8="","",IFERROR(INDEX('Recipe Ingredients'!$A$5:$A$1204,MATCH(A8,'Recipe Ingredients'!$B$5:$B$1204,0)),"")) -> 0 | Y8: =IF(A8="","",IFERROR(INDEX(Ingredients!$O$5:$O$304,MATCH(A8,Ingredients!$A$5:$A$304,0)),"")) -> 0 | Z8: =IF(A8="","",IF(O8="Yes","Bought",IF(N8="Yes","To buy","Not needed"))) -> 0
B9: =IF(A9="","",IFERROR(INDEX(Ingredients!$B$5:$B$304,MATCH(A9,Ingredients!$A$5:$A$304,0)),"")) -> 0 | G9: =IF(A9="","",IFERROR(INDEX(Ingredients!$D$5:$D$304,MATCH(A9,Ingredients!$A$5:$A$304,0)),"")) -> 0 | H9: =IF(OR(A9="",C9="",G9=""),"",C9*G9) -> 0 | J9: =IF(OR(C9="",I9="",I9=0),"",CEILING(C9/I9,1)) -> 0 | K9: =IF(OR(J9="",I9="",G9=""),"",J9*I9*G9) -> 0 | L9: =IF(A9="","",SUMIFS(Pantry!$C$5:$C$304,Pantry!$A$5:$A$304,A9)) -> 0 | M9: =IF(OR(A9="",C9=""),"",MAX(0,C9-L9)) -> 0 | R9: =IF(OR(Q9="",H9=""),"",Q9-H9) -> 0 | S9: =IF(M9="","",COUNTIFS($M$5:$M$304,">"&M9)+1) -> 0 | T9: =IF(H9="","",H9+ROW()/1000000) -> 0 | U9: =IF(OR(N9<>"Yes",T9=""),"",COUNTIFS($N$5:$N$304,"Yes",$T$5:$T$304,"<"&T9)+1) -> 0 | V9: =IF(A9="","",IF(O9="Yes","Bought",IF(M9<=0,"Have it",IF(N9<>"Yes","Skip",IF(S9<=10,"Must have","Nice to have"))))) -> 0 | X9: =IF(A9="","",IFERROR(INDEX('Recipe Ingredients'!$A$5:$A$1204,MATCH(A9,'Recipe Ingredients'!$B$5:$B$1204,0)),"")) -> 0 | Y9: =IF(A9="","",IFERROR(INDEX(Ingredients!$O$5:$O$304,MATCH(A9,Ingredients!$A$5:$A$304,0)),"")) -> 0 | Z9: =IF(A9="","",IF(O9="Yes","Bought",IF(N9="Yes","To buy","Not needed"))) -> 0
B10: =IF(A10="","",IFERROR(INDEX(Ingredients!$B$5:$B$304,MATCH(A10,Ingredients!$A$5:$A$304,0)),"")) -> 0 | G10: =IF(A10="","",IFERROR(INDEX(Ingredients!$D$5:$D$304,MATCH(A10,Ingredients!$A$5:$A$304,0)),"")) -> 0 | H10: =IF(OR(A10="",C10="",G10=""),"",C10*G10) -> 0 | J10: =IF(OR(C10="",I10="",I10=0),"",CEILING(C10/I10,1)) -> 0 | K10: =IF(OR(J10="",I10="",G10=""),"",J10*I10*G10) -> 0 | L10: =IF(A10="","",SUMIFS(Pantry!$C$5:$C$304,Pantry!$A$5:$A$304,A10)) -> 0 | M10: =IF(OR(A10="",C10=""),"",MAX(0,C10-L10)) -> 0 | R10: =IF(OR(Q10="",H10=""),"",Q10-H10) -> 0 | S10: =IF(M10="","",COUNTIFS($M$5:$M$304,">"&M10)+1) -> 0 | T10: =IF(H10="","",H10+ROW()/1000000) -> 0 | U10: =IF(OR(N10<>"Yes",T10=""),"",COUNTIFS($N$5:$N$304,"Yes",$T$5:$T$304,"<"&T10)+1) -> 0 | V10: =IF(A10="","",IF(O10="Yes","Bought",IF(M10<=0,"Have it",IF(N10<>"Yes","Skip",IF(S10<=10,"Must have","Nice to have"))))) -> 0 | X10: =IF(A10="","",IFERROR(INDEX('Recipe Ingredients'!$A$5:$A$1204,MATCH(A10,'Recipe Ingredients'!$B$5:$B$1204,0)),"")) -> 0 | Y10: =IF(A10="","",IFERROR(INDEX(Ingredients!$O$5:$O$304,MATCH(A10,Ingredients!$A$5:$A$304,0)),"")) -> 0 | Z10: =IF(A10="","",IF(O10="Yes","Bought",IF(N10="Yes","To buy","Not needed"))) -> 0
B11: =IF(A11="","",IFERROR(INDEX(Ingredients!$B$5:$B$304,MATCH(A11,Ingredients!$A$5:$A$304,0)),"")) -> 0 | G11: =IF(A11="","",IFERROR(INDEX(Ingredients!$D$5:$D$304,MATCH(A11,Ingredients!$A$5:$A$304,0)),"")) -> 0 | H11: =IF(OR(A11="",C11="",G11=""),"",C11*G11) -> 0 | J11: =IF(OR(C11="",I11="",I11=0),"",CEILING(C11/I11,1)) -> 0 | K11: =IF(OR(J11="",I11="",G11=""),"",J11*I11*G11) -> 0 | L11: =IF(A11="","",SUMIFS(Pantry!$C$5:$C$304,Pantry!$A$5:$A$304,A11)) -> 0 | M11: =IF(OR(A11="",C11=""),"",MAX(0,C11-L11)) -> 0 | R11: =IF(OR(Q11="",H11=""),"",Q11-H11) -> 0 | S11: =IF(M11="","",COUNTIFS($M$5:$M$304,">"&M11)+1) -> 0 | T11: =IF(H11="","",H11+ROW()/1000000) -> 0 | U11: =IF(OR(N11<>"Yes",T11=""),"",COUNTIFS($N$5:$N$304,"Yes",$T$5:$T$304,"<"&T11)+1) -> 0 | V11: =IF(A11="","",IF(O11="Yes","Bought",IF(M11<=0,"Have it",IF(N11<>"Yes","Skip",IF(S11<=10,"Must have","Nice to have"))))) -> 0 | X11: =IF(A11="","",IFERROR(INDEX('Recipe Ingredients'!$A$5:$A$1204,MATCH(A11,'Recipe Ingredients'!$B$5:$B$1204,0)),"")) -> 0 | Y11: =IF(A11="","",IFERROR(INDEX(Ingredients!$O$5:$O$304,MATCH(A11,Ingredients!$A$5:$A$304,0)),"")) -> 0 | Z11: =IF(A11="","",IF(O11="Yes","Bought",IF(N11="Yes","To buy","Not needed"))) -> 0
B12: =IF(A12="","",IFERROR(INDEX(Ingredients!$B$5:$B$304,MATCH(A12,Ingredients!$A$5:$A$304,0)),"")) -> 0 | G12: =IF(A12="","",IFERROR(INDEX(Ingredients!$D$5:$D$304,MATCH(A12,Ingredients!$A$5:$A$304,0)),"")) -> 0 | H12: =IF(OR(A12="",C12="",G12=""),"",C12*G12) -> 0 | J12: =IF(OR(C12="",I12="",I12=0),"",CEILING(C12/I12,1)) -> 0 | K12: =IF(OR(J12="",I12="",G12=""),"",J12*I12*G12) -> 0 | L12: =IF(A12="","",SUMIFS(Pantry!$C$5:$C$304,Pantry!$A$5:$A$304,A12)) -> 0 | M12: =IF(OR(A12="",C12=""),"",MAX(0,C12-L12)) -> 0 | R12: =IF(OR(Q12="",H12=""),"",Q12-H12) -> 0 | S12: =IF(M12="","",COUNTIFS($M$5:$M$304,">"&M12)+1) -> 0 | T12: =IF(H12="","",H12+ROW()/1000000) -> 0 | U12: =IF(OR(N12<>"Yes",T12=""),"",COUNTIFS($N$5:$N$304,"Yes",$T$5:$T$304,"<"&T12)+1) -> 0 | V12: =IF(A12="","",IF(O12="Yes","Bought",IF(M12<=0,"Have it",IF(N12<>"Yes","Skip",IF(S12<=10,"Must have","Nice to have"))))) -> 0 | X12: =IF(A12="","",IFERROR(INDEX('Recipe Ingredients'!$A$5:$A$1204,MATCH(A12,'Recipe Ingredients'!$B$5:$B$1204,0)),"")) -> 0 | Y12: =IF(A12="","",IFERROR(INDEX(Ingredients!$O$5:$O$304,MATCH(A12,Ingredients!$A$5:$A$304,0)),"")) -> 0 | Z12: =IF(A12="","",IF(O12="Yes","Bought",IF(N12="Yes","To buy","Not needed"))) -> 0
B13: =IF(A13="","",IFERROR(INDEX(Ingredients!$B$5:$B$304,MATCH(A13,Ingredients!$A$5:$A$304,0)),"")) -> 0 | G13: =IF(A13="","",IFERROR(INDEX(Ingredients!$D$5:$D$304,MATCH(A13,Ingredients!$A$5:$A$304,0)),"")) -> 0 | H13: =IF(OR(A13="",C13="",G13=""),"",C13*G13) -> 0 | J13: =IF(OR(C13="",I13="",I13=0),"",CEILING(C13/I13,1)) -> 0 | K13: =IF(OR(J13="",I13="",G13=""),"",J13*I13*G13) -> 0 | L13: =IF(A13="","",SUMIFS(Pantry!$C$5:$C$304,Pantry!$A$5:$A$304,A13)) -> 0 | M13: =IF(OR(A13="",C13=""),"",MAX(0,C13-L13)) -> 0 | R13: =IF(OR(Q13="",H13=""),"",Q13-H13) -> 0 | S13: =IF(M13="","",COUNTIFS($M$5:$M$304,">"&M13)+1) -> 0 | T13: =IF(H13="","",H13+ROW()/1000000) -> 0 | U13: =IF(OR(N13<>"Yes",T13=""),"",COUNTIFS($N$5:$N$304,"Yes",$T$5:$T$304,"<"&T13)+1) -> 0 | V13: =IF(A13="","",IF(O13="Yes","Bought",IF(M13<=0,"Have it",IF(N13<>"Yes","Skip",IF(S13<=10,"Must have","Nice to have"))))) -> 0 | X13: =IF(A13="","",IFERROR(INDEX('Recipe Ingredients'!$A$5:$A$1204,MATCH(A13,'Recipe Ingredients'!$B$5:$B$1204,0)),"")) -> 0 | Y13: =IF(A13="","",IFERROR(INDEX(Ingredients!$O$5:$O$304,MATCH(A13,Ingredients!$A$5:$A$304,0)),"")) -> 0 | Z13: =IF(A13="","",IF(O13="Yes","Bought",IF(N13="Yes","To buy","Not needed"))) -> 0
B14: =IF(A14="","",IFERROR(INDEX(Ingredients!$B$5:$B$304,MATCH(A14,Ingredients!$A$5:$A$304,0)),"")) -> 0 | G14: =IF(A14="","",IFERROR(INDEX(Ingredients!$D$5:$D$304,MATCH(A14,Ingredients!$A$5:$A$304,0)),"")) -> 0 | H14: =IF(OR(A14="",C14="",G14=""),"",C14*G14) -> 0 | J14: =IF(OR(C14="",I14="",I14=0),"",CEILING(C14/I14,1)) -> 0 | K14: =IF(OR(J14="",I14="",G14=""),"",J14*I14*G14) -> 0 | L14: =IF(A14="","",SUMIFS(Pantry!$C$5:$C$304,Pantry!$A$5:$A$304,A14)) -> 0 | M14: =IF(OR(A14="",C14=""),"",MAX(0,C14-L14)) -> 0 | R14: =IF(OR(Q14="",H14=""),"",Q14-H14) -> 0 | S14: =IF(M14="","",COUNTIFS($M$5:$M$304,">"&M14)+1) -> 0 | T14: =IF(H14="","",H14+ROW()/1000000) -> 0 | U14: =IF(OR(N14<>"Yes",T14=""),"",COUNTIFS($N$5:$N$304,"Yes",$T$5:$T$304,"<"&T14)+1) -> 0 | V14: =IF(A14="","",IF(O14="Yes","Bought",IF(M14<=0,"Have it",IF(N14<>"Yes","Skip",IF(S14<=10,"Must have","Nice to have"))))) -> 0 | X14: =IF(A14="","",IFERROR(INDEX('Recipe Ingredients'!$A$5:$A$1204,MATCH(A14,'Recipe Ingredients'!$B$5:$B$1204,0)),"")) -> 0 | Y14: =IF(A14="","",IFERROR(INDEX(Ingredients!$O$5:$O$304,MATCH(A14,Ingredients!$A$5:$A$304,0)),"")) -> 0 | Z14: =IF(A14="","",IF(O14="Yes","Bought",IF(N14="Yes","To buy","Not needed"))) -> 0
B15: =IF(A15="","",IFERROR(INDEX(Ingredients!$B$5:$B$304,MATCH(A15,Ingredients!$A$5:$A$304,0)),"")) -> 0 | G15: =IF(A15="","",IFERROR(INDEX(Ingredients!$D$5:$D$304,MATCH(A15,Ingredients!$A$5:$A$304,0)),"")) -> 0 | H15: =IF(OR(A15="",C15="",G15=""),"",C15*G15) -> 0 | J15: =IF(OR(C15="",I15="",I15=0),"",CEILING(C15/I15,1)) -> 0 | K15: =IF(OR(J15="",I15="",G15=""),"",J15*I15*G15) -> 0 | L15: =IF(A15="","",SUMIFS(Pantry!$C$5:$C$304,Pantry!$A$5:$A$304,A15)) -> 0 | M15: =IF(OR(A15="",C15=""),"",MAX(0,C15-L15)) -> 0 | R15: =IF(OR(Q15="",H15=""),"",Q15-H15) -> 0 | S15: =IF(M15="","",COUNTIFS($M$5:$M$304,">"&M15)+1) -> 0 | T15: =IF(H15="","",H15+ROW()/1000000) -> 0 | U15: =IF(OR(N15<>"Yes",T15=""),"",COUNTIFS($N$5:$N$304,"Yes",$T$5:$T$304,"<"&T15)+1) -> 0 | V15: =IF(A15="","",IF(O15="Yes","Bought",IF(M15<=0,"Have it",IF(N15<>"Yes","Skip",IF(S15<=10,"Must have","Nice to have"))))) -> 0 | X15: =IF(A15="","",IFERROR(INDEX('Recipe Ingredients'!$A$5:$A$1204,MATCH(A15,'Recipe Ingredients'!$B$5:$B$1204,0)),"")) -> 0 | Y15: =IF(A15="","",IFERROR(INDEX(Ingredients!$O$5:$O$304,MATCH(A15,Ingredients!$A$5:$A$304,0)),"")) -> 0 | Z15: =IF(A15="","",IF(O15="Yes","Bought",IF(N15="Yes","To buy","Not needed"))) -> 0
B16: =IF(A16="","",IFERROR(INDEX(Ingredients!$B$5:$B$304,MATCH(A16,Ingredients!$A$5:$A$304,0)),"")) -> 0 | G16: =IF(A16="","",IFERROR(INDEX(Ingredients!$D$5:$D$304,MATCH(A16,Ingredients!$A$5:$A$304,0)),"")) -> 0 | H16: =IF(OR(A16="",C16="",G16=""),"",C16*G16) -> 0 | J16: =IF(OR(C16="",I16="",I16=0),"",CEILING(C16/I16,1)) -> 0 | K16: =IF(OR(J16="",I16="",G16=""),"",J16*I16*G16) -> 0 | L16: =IF(A16="","",SUMIFS(Pantry!$C$5:$C$304,Pantry!$A$5:$A$304,A16)) -> 0 | M16: =IF(OR(A16="",C16=""),"",MAX(0,C16-L16)) -> 0 | R16: =IF(OR(Q16="",H16=""),"",Q16-H16) -> 0 | S16: =IF(M16="","",COUNTIFS($M$5:$M$304,">"&M16)+1) -> 0 | T16: =IF(H16="","",H16+ROW()/1000000) -> 0 | U16: =IF(OR(N16<>"Yes",T16=""),"",COUNTIFS($N$5:$N$304,"Yes",$T$5:$T$304,"<"&T16)+1) -> 0 | V16: =IF(A16="","",IF(O16="Yes","Bought",IF(M16<=0,"Have it",IF(N16<>"Yes","Skip",IF(S16<=10,"Must have","Nice to have"))))) -> 0 | X16: =IF(A16="","",IFERROR(INDEX('Recipe Ingredients'!$A$5:$A$1204,MATCH(A16,'Recipe Ingredients'!$B$5:$B$1204,0)),"")) -> 0 | Y16: =IF(A16="","",IFERROR(INDEX(Ingredients!$O$5:$O$304,MATCH(A16,Ingredients!$A$5:$A$304,0)),"")) -> 0 | Z16: =IF(A16="","",IF(O16="Yes","Bought",IF(N16="Yes","To buy","Not needed"))) -> 0
... B304: =IF(A304="","",IFERROR(INDEX(Ingredients!$B$5:$B$304,MATCH(A304,Ingredients!$A$5:$A$304,0)),"")) -> 0 | G304: =IF(A304="","",IFERROR(INDEX(Ingredients!$D$5:$D$304,MATCH(A304,Ingredients!$A$5:$A$304,0)),"")) -> 0 | H304: =IF(OR(A304="",C304="",G304=""),"",C304*G304) -> 0 | J304: =IF(OR(C304="",I304="",I304=0),"",CEILING(C304/I304,1)) -> 0 | K304: =IF(OR(J304="",I304="",G304=""),"",J304*I304*G304) -> 0 | L304: =IF(A304="","",SUMIFS(Pantry!$C$5:$C$304,Pantry!$A$5:$A$304,A304)) -> 0 | M304: =IF(OR(A304="",C304=""),"",MAX(0,C304-L304)) -> 0 | R304: =IF(OR(Q304="",H304=""),"",Q304-H304) -> 0 | S304: =IF(M304="","",COUNTIFS($M$5:$M$304,">"&M304)+1) -> 0 | T304: =IF(H304="","",H304+ROW()/1000000) -> 0 | U304: =IF(OR(N304<>"Yes",T304=""),"",COUNTIFS($N$5:$N$304,"Yes",$T$5:$T$304,"<"&T304)+1) -> 0 | V304: =IF(A304="","",IF(O304="Yes","Bought",IF(M304<=0,"Have it",IF(N304<>"Yes","Skip",IF(S304<=10,"Must have","Nice to have"))))) -> 0 | X304: =IF(A304="","",IFERROR(INDEX('Recipe Ingredients'!$A$5:$A$1204,MATCH(A304,'Recipe Ingredients'!$B$5:$B$1204,0)),"")) -> 0 | Y304: =IF(A304="","",IFERROR(INDEX(Ingredients!$O$5:$O$304,MATCH(A304,Ingredients!$A$5:$A$304,0)),"")) -> 0 | Z304: =IF(A304="","",IF(O304="Yes","Bought",IF(N304="Yes","To buy","Not needed"))) -> 0

Sheet Pantry
A4: Item | B4: Category | C4: Quantity | D4: Unit | E4: Storage | F4: Bought | G4: Opened | H4: Shelf life (days) | I4: Use by | J4: Days left | K4: Use by status | L4: Used in recipes | M4: Weeks of stock | N4: Reorder qty | O4: Stock level | P4: Value | Q4: Fridge rank | R4: Freezer rank | S4: Batch / lot | T4: Store | U4: Price paid | V4: Frozen | W4: Portion | X4: Servings left | Y4: Status | Z4: Notes
B5: =IF(A5="","",IFERROR(INDEX(Ingredients!$B$5:$B$304,MATCH(A5,Ingredients!$A$5:$A$304,0)),"")) -> 0 | H5: =IF(A5="","",IFERROR(INDEX(Ingredients!$M$5:$M$304,MATCH(A5,Ingredients!$A$5:$A$304,0)),"")) -> 0 | I5: =IF(OR(A5="",H5=""),"",IF(G5<>"",G5+H5,IF(F5<>"",F5+H5,""))) -> 0 | J5: =IF(OR(A5="",I5=""),"",I5-TODAY()) -> 0 | K5: =IF(A5="","",IF(J5="","No date",IF(J5<0,"Expired",IF(J5<=Expiry_Warning_Days,"Use soon","Fresh")))) -> 0 | L5: =IF(A5="","",COUNTIFS('Recipe Ingredients'!$B$5:$B$1204,A5)) -> 0 | M5: =IF(A5="","",IFERROR(INDEX(Ingredients!$X$5:$X$304,MATCH(A5,Ingredients!$A$5:$A$304,0)),"")) -> 0 | N5: =IF(OR(A5="",M5=""),"",IF(M5<1,MAX(0,1*IFERROR(IFERROR(INDEX(Ingredients!$U$5:$U$304,MATCH(A5,Ingredients!$A$5:$A$304,0)),""),0)-C5),0)) -> 0 | O5: =IF(A5="","",IF(M5="","",IF(M5<1,"Low","OK"))) -> 0 | P5: =IF(OR(A5="",C5=""),"",IFERROR(C5*IFERROR(INDEX(Ingredients!$D$5:$D$304,MATCH(A5,Ingredients!$A$5:$A$304,0)),""),"")) -> 0 | Q5: =IF(OR(E5<>"Fridge",J5=""),"",SUMPRODUCT(($E$5:$E$304="Fridge")*($J$5:$J$304<J5))+SUMPRODUCT(($E$5:$E$304="Fridge")*($J$5:$J$304=J5)*(ROW($J$5:$J$304)<ROW()))+1) -> 0 | R5: =IF(OR(E5<>"Freezer",J5=""),"",SUMPRODUCT(($E$5:$E$304="Freezer")*($J$5:$J$304<J5))+SUMPRODUCT(($E$5:$E$304="Freezer")*($J$5:$J$304=J5)*(ROW($J$5:$J$304)<ROW()))+1) -> 0 | Y5: =IF(A5="","",IF(K5="Expired","Bin it",IF(K5="Use soon","Cook it",IF(O5="Low","Running low","Keep")))) -> 0
B6: =IF(A6="","",IFERROR(INDEX(Ingredients!$B$5:$B$304,MATCH(A6,Ingredients!$A$5:$A$304,0)),"")) -> 0 | H6: =IF(A6="","",IFERROR(INDEX(Ingredients!$M$5:$M$304,MATCH(A6,Ingredients!$A$5:$A$304,0)),"")) -> 0 | I6: =IF(OR(A6="",H6=""),"",IF(G6<>"",G6+H6,IF(F6<>"",F6+H6,""))) -> 0 | J6: =IF(OR(A6="",I6=""),"",I6-TODAY()) -> 0 | K6: =IF(A6="","",IF(J6="","No date",IF(J6<0,"Expired",IF(J6<=Expiry_Warning_Days,"Use soon","Fresh")))) -> 0 | L6: =IF(A6="","",COUNTIFS('Recipe Ingredients'!$B$5:$B$1204,A6)) -> 0 | M6: =IF(A6="","",IFERROR(INDEX(Ingredients!$X$5:$X$304,MATCH(A6,Ingredients!$A$5:$A$304,0)),"")) -> 0 | N6: =IF(OR(A6="",M6=""),"",IF(M6<1,MAX(0,1*IFERROR(IFERROR(INDEX(Ingredients!$U$5:$U$304,MATCH(A6,Ingredients!$A$5:$A$304,0)),""),0)-C6),0)) -> 0 | O6: =IF(A6="","",IF(M6="","",IF(M6<1,"Low","OK"))) -> 0 | P6: =IF(OR(A6="",C6=""),"",IFERROR(C6*IFERROR(INDEX(Ingredients!$D$5:$D$304,MATCH(A6,Ingredients!$A$5:$A$304,0)),""),"")) -> 0 | Q6: =IF(OR(E6<>"Fridge",J6=""),"",SUMPRODUCT(($E$5:$E$304="Fridge")*($J$5:$J$304<J6))+SUMPRODUCT(($E$5:$E$304="Fridge")*($J$5:$J$304=J6)*(ROW($J$5:$J$304)<ROW()))+1) -> 0 | R6: =IF(OR(E6<>"Freezer",J6=""),"",SUMPRODUCT(($E$5:$E$304="Freezer")*($J$5:$J$304<J6))+SUMPRODUCT(($E$5:$E$304="Freezer")*($J$5:$J$304=J6)*(ROW($J$5:$J$304)<ROW()))+1) -> 0 | Y6: =IF(A6="","",IF(K6="Expired","Bin it",IF(K6="Use soon","Cook it",IF(O6="Low","Running low","Keep")))) -> 0
B7: =IF(A7="","",IFERROR(INDEX(Ingredients!$B$5:$B$304,MATCH(A7,Ingredients!$A$5:$A$304,0)),"")) -> 0 | H7: =IF(A7="","",IFERROR(INDEX(Ingredients!$M$5:$M$304,MATCH(A7,Ingredients!$A$5:$A$304,0)),"")) -> 0 | I7: =IF(OR(A7="",H7=""),"",IF(G7<>"",G7+H7,IF(F7<>"",F7+H7,""))) -> 0 | J7: =IF(OR(A7="",I7=""),"",I7-TODAY()) -> 0 | K7: =IF(A7="","",IF(J7="","No date",IF(J7<0,"Expired",IF(J7<=Expiry_Warning_Days,"Use soon","Fresh")))) -> 0 | L7: =IF(A7="","",COUNTIFS('Recipe Ingredients'!$B$5:$B$1204,A7)) -> 0 | M7: =IF(A7="","",IFERROR(INDEX(Ingredients!$X$5:$X$304,MATCH(A7,Ingredients!$A$5:$A$304,0)),"")) -> 0 | N7: =IF(OR(A7="",M7=""),"",IF(M7<1,MAX(0,1*IFERROR(IFERROR(INDEX(Ingredients!$U$5:$U$304,MATCH(A7,Ingredients!$A$5:$A$304,0)),""),0)-C7),0)) -> 0 | O7: =IF(A7="","",IF(M7="","",IF(M7<1,"Low","OK"))) -> 0 | P7: =IF(OR(A7="",C7=""),"",IFERROR(C7*IFERROR(INDEX(Ingredients!$D$5:$D$304,MATCH(A7,Ingredients!$A$5:$A$304,0)),""),"")) -> 0 | Q7: =IF(OR(E7<>"Fridge",J7=""),"",SUMPRODUCT(($E$5:$E$304="Fridge")*($J$5:$J$304<J7))+SUMPRODUCT(($E$5:$E$304="Fridge")*($J$5:$J$304=J7)*(ROW($J$5:$J$304)<ROW()))+1) -> 0 | R7: =IF(OR(E7<>"Freezer",J7=""),"",SUMPRODUCT(($E$5:$E$304="Freezer")*($J$5:$J$304<J7))+SUMPRODUCT(($E$5:$E$304="Freezer")*($J$5:$J$304=J7)*(ROW($J$5:$J$304)<ROW()))+1) -> 0 | Y7: =IF(A7="","",IF(K7="Expired","Bin it",IF(K7="Use soon","Cook it",IF(O7="Low","Running low","Keep")))) -> 0
B8: =IF(A8="","",IFERROR(INDEX(Ingredients!$B$5:$B$304,MATCH(A8,Ingredients!$A$5:$A$304,0)),"")) -> 0 | H8: =IF(A8="","",IFERROR(INDEX(Ingredients!$M$5:$M$304,MATCH(A8,Ingredients!$A$5:$A$304,0)),"")) -> 0 | I8: =IF(OR(A8="",H8=""),"",IF(G8<>"",G8+H8,IF(F8<>"",F8+H8,""))) -> 0 | J8: =IF(OR(A8="",I8=""),"",I8-TODAY()) -> 0 | K8: =IF(A8="","",IF(J8="","No date",IF(J8<0,"Expired",IF(J8<=Expiry_Warning_Days,"Use soon","Fresh")))) -> 0 | L8: =IF(A8="","",COUNTIFS('Recipe Ingredients'!$B$5:$B$1204,A8)) -> 0 | M8: =IF(A8="","",IFERROR(INDEX(Ingredients!$X$5:$X$304,MATCH(A8,Ingredients!$A$5:$A$304,0)),"")) -> 0 | N8: =IF(OR(A8="",M8=""),"",IF(M8<1,MAX(0,1*IFERROR(IFERROR(INDEX(Ingredients!$U$5:$U$304,MATCH(A8,Ingredients!$A$5:$A$304,0)),""),0)-C8),0)) -> 0 | O8: =IF(A8="","",IF(M8="","",IF(M8<1,"Low","OK"))) -> 0 | P8: =IF(OR(A8="",C8=""),"",IFERROR(C8*IFERROR(INDEX(Ingredients!$D$5:$D$304,MATCH(A8,Ingredients!$A$5:$A$304,0)),""),"")) -> 0 | Q8: =IF(OR(E8<>"Fridge",J8=""),"",SUMPRODUCT(($E$5:$E$304="Fridge")*($J$5:$J$304<J8))+SUMPRODUCT(($E$5:$E$304="Fridge")*($J$5:$J$304=J8)*(ROW($J$5:$J$304)<ROW()))+1) -> 0 | R8: =IF(OR(E8<>"Freezer",J8=""),"",SUMPRODUCT(($E$5:$E$304="Freezer")*($J$5:$J$304<J8))+SUMPRODUCT(($E$5:$E$304="Freezer")*($J$5:$J$304=J8)*(ROW($J$5:$J$304)<ROW()))+1) -> 0 | Y8: =IF(A8="","",IF(K8="Expired","Bin it",IF(K8="Use soon","Cook it",IF(O8="Low","Running low","Keep")))) -> 0
B9: =IF(A9="","",IFERROR(INDEX(Ingredients!$B$5:$B$304,MATCH(A9,Ingredients!$A$5:$A$304,0)),"")) -> 0 | H9: =IF(A9="","",IFERROR(INDEX(Ingredients!$M$5:$M$304,MATCH(A9,Ingredients!$A$5:$A$304,0)),"")) -> 0 | I9: =IF(OR(A9="",H9=""),"",IF(G9<>"",G9+H9,IF(F9<>"",F9+H9,""))) -> 0 | J9: =IF(OR(A9="",I9=""),"",I9-TODAY()) -> 0 | K9: =IF(A9="","",IF(J9="","No date",IF(J9<0,"Expired",IF(J9<=Expiry_Warning_Days,"Use soon","Fresh")))) -> 0 | L9: =IF(A9="","",COUNTIFS('Recipe Ingredients'!$B$5:$B$1204,A9)) -> 0 | M9: =IF(A9="","",IFERROR(INDEX(Ingredients!$X$5:$X$304,MATCH(A9,Ingredients!$A$5:$A$304,0)),"")) -> 0 | N9: =IF(OR(A9="",M9=""),"",IF(M9<1,MAX(0,1*IFERROR(IFERROR(INDEX(Ingredients!$U$5:$U$304,MATCH(A9,Ingredients!$A$5:$A$304,0)),""),0)-C9),0)) -> 0 | O9: =IF(A9="","",IF(M9="","",IF(M9<1,"Low","OK"))) -> 0 | P9: =IF(OR(A9="",C9=""),"",IFERROR(C9*IFERROR(INDEX(Ingredients!$D$5:$D$304,MATCH(A9,Ingredients!$A$5:$A$304,0)),""),"")) -> 0 | Q9: =IF(OR(E9<>"Fridge",J9=""),"",SUMPRODUCT(($E$5:$E$304="Fridge")*($J$5:$J$304<J9))+SUMPRODUCT(($E$5:$E$304="Fridge")*($J$5:$J$304=J9)*(ROW($J$5:$J$304)<ROW()))+1) -> 0 | R9: =IF(OR(E9<>"Freezer",J9=""),"",SUMPRODUCT(($E$5:$E$304="Freezer")*($J$5:$J$304<J9))+SUMPRODUCT(($E$5:$E$304="Freezer")*($J$5:$J$304=J9)*(ROW($J$5:$J$304)<ROW()))+1) -> 0 | Y9: =IF(A9="","",IF(K9="Expired","Bin it",IF(K9="Use soon","Cook it",IF(O9="Low","Running low","Keep")))) -> 0
B10: =IF(A10="","",IFERROR(INDEX(Ingredients!$B$5:$B$304,MATCH(A10,Ingredients!$A$5:$A$304,0)),"")) -> 0 | H10: =IF(A10="","",IFERROR(INDEX(Ingredients!$M$5:$M$304,MATCH(A10,Ingredients!$A$5:$A$304,0)),"")) -> 0 | I10: =IF(OR(A10="",H10=""),"",IF(G10<>"",G10+H10,IF(F10<>"",F10+H10,""))) -> 0 | J10: =IF(OR(A10="",I10=""),"",I10-TODAY()) -> 0 | K10: =IF(A10="","",IF(J10="","No date",IF(J10<0,"Expired",IF(J10<=Expiry_Warning_Days,"Use soon","Fresh")))) -> 0 | L10: =IF(A10="","",COUNTIFS('Recipe Ingredients'!$B$5:$B$1204,A10)) -> 0 | M10: =IF(A10="","",IFERROR(INDEX(Ingredients!$X$5:$X$304,MATCH(A10,Ingredients!$A$5:$A$304,0)),"")) -> 0 | N10: =IF(OR(A10="",M10=""),"",IF(M10<1,MAX(0,1*IFERROR(IFERROR(INDEX(Ingredients!$U$5:$U$304,MATCH(A10,Ingredients!$A$5:$A$304,0)),""),0)-C10),0)) -> 0 | O10: =IF(A10="","",IF(M10="","",IF(M10<1,"Low","OK"))) -> 0 | P10: =IF(OR(A10="",C10=""),"",IFERROR(C10*IFERROR(INDEX(Ingredients!$D$5:$D$304,MATCH(A10,Ingredients!$A$5:$A$304,0)),""),"")) -> 0 | Q10: =IF(OR(E10<>"Fridge",J10=""),"",SUMPRODUCT(($E$5:$E$304="Fridge")*($J$5:$J$304<J10))+SUMPRODUCT(($E$5:$E$304="Fridge")*($J$5:$J$304=J10)*(ROW($J$5:$J$304)<ROW()))+1) -> 0 | R10: =IF(OR(E10<>"Freezer",J10=""),"",SUMPRODUCT(($E$5:$E$304="Freezer")*($J$5:$J$304<J10))+SUMPRODUCT(($E$5:$E$304="Freezer")*($J$5:$J$304=J10)*(ROW($J$5:$J$304)<ROW()))+1) -> 0 | Y10: =IF(A10="","",IF(K10="Expired","Bin it",IF(K10="Use soon","Cook it",IF(O10="Low","Running low","Keep")))) -> 0
B11: =IF(A11="","",IFERROR(INDEX(Ingredients!$B$5:$B$304,MATCH(A11,Ingredients!$A$5:$A$304,0)),"")) -> 0 | H11: =IF(A11="","",IFERROR(INDEX(Ingredients!$M$5:$M$304,MATCH(A11,Ingredients!$A$5:$A$304,0)),"")) -> 0 | I11: =IF(OR(A11="",H11=""),"",IF(G11<>"",G11+H11,IF(F11<>"",F11+H11,""))) -> 0 | J11: =IF(OR(A11="",I11=""),"",I11-TODAY()) -> 0 | K11: =IF(A11="","",IF(J11="","No date",IF(J11<0,"Expired",IF(J11<=Expiry_Warning_Days,"Use soon","Fresh")))) -> 0 | L11: =IF(A11="","",COUNTIFS('Recipe Ingredients'!$B$5:$B$1204,A11)) -> 0 | M11: =IF(A11="","",IFERROR(INDEX(Ingredients!$X$5:$X$304,MATCH(A11,Ingredients!$A$5:$A$304,0)),"")) -> 0 | N11: =IF(OR(A11="",M11=""),"",IF(M11<1,MAX(0,1*IFERROR(IFERROR(INDEX(Ingredients!$U$5:$U$304,MATCH(A11,Ingredients!$A$5:$A$304,0)),""),0)-C11),0)) -> 0 | O11: =IF(A11="","",IF(M11="","",IF(M11<1,"Low","OK"))) -> 0 | P11: =IF(OR(A11="",C11=""),"",IFERROR(C11*IFERROR(INDEX(Ingredients!$D$5:$D$304,MATCH(A11,Ingredients!$A$5:$A$304,0)),""),"")) -> 0 | Q11: =IF(OR(E11<>"Fridge",J11=""),"",SUMPRODUCT(($E$5:$E$304="Fridge")*($J$5:$J$304<J11))+SUMPRODUCT(($E$5:$E$304="Fridge")*($J$5:$J$304=J11)*(ROW($J$5:$J$304)<ROW()))+1) -> 0 | R11: =IF(OR(E11<>"Freezer",J11=""),"",SUMPRODUCT(($E$5:$E$304="Freezer")*($J$5:$J$304<J11))+SUMPRODUCT(($E$5:$E$304="Freezer")*($J$5:$J$304=J11)*(ROW($J$5:$J$304)<ROW()))+1) -> 0 | Y11: =IF(A11="","",IF(K11="Expired","Bin it",IF(K11="Use soon","Cook it",IF(O11="Low","Running low","Keep")))) -> 0
B12: =IF(A12="","",IFERROR(INDEX(Ingredients!$B$5:$B$304,MATCH(A12,Ingredients!$A$5:$A$304,0)),"")) -> 0 | H12: =IF(A12="","",IFERROR(INDEX(Ingredients!$M$5:$M$304,MATCH(A12,Ingredients!$A$5:$A$304,0)),"")) -> 0 | I12: =IF(OR(A12="",H12=""),"",IF(G12<>"",G12+H12,IF(F12<>"",F12+H12,""))) -> 0 | J12: =IF(OR(A12="",I12=""),"",I12-TODAY()) -> 0 | K12: =IF(A12="","",IF(J12="","No date",IF(J12<0,"Expired",IF(J12<=Expiry_Warning_Days,"Use soon","Fresh")))) -> 0 | L12: =IF(A12="","",COUNTIFS('Recipe Ingredients'!$B$5:$B$1204,A12)) -> 0 | M12: =IF(A12="","",IFERROR(INDEX(Ingredients!$X$5:$X$304,MATCH(A12,Ingredients!$A$5:$A$304,0)),"")) -> 0 | N12: =IF(OR(A12="",M12=""),"",IF(M12<1,MAX(0,1*IFERROR(IFERROR(INDEX(Ingredients!$U$5:$U$304,MATCH(A12,Ingredients!$A$5:$A$304,0)),""),0)-C12),0)) -> 0 | O12: =IF(A12="","",IF(M12="","",IF(M12<1,"Low","OK"))) -> 0 | P12: =IF(OR(A12="",C12=""),"",IFERROR(C12*IFERROR(INDEX(Ingredients!$D$5:$D$304,MATCH(A12,Ingredients!$A$5:$A$304,0)),""),"")) -> 0 | Q12: =IF(OR(E12<>"Fridge",J12=""),"",SUMPRODUCT(($E$5:$E$304="Fridge")*($J$5:$J$304<J12))+SUMPRODUCT(($E$5:$E$304="Fridge")*($J$5:$J$304=J12)*(ROW($J$5:$J$304)<ROW()))+1) -> 0 | R12: =IF(OR(E12<>"Freezer",J12=""),"",SUMPRODUCT(($E$5:$E$304="Freezer")*($J$5:$J$304<J12))+SUMPRODUCT(($E$5:$E$304="Freezer")*($J$5:$J$304=J12)*(ROW($J$5:$J$304)<ROW()))+1) -> 0 | Y12: =IF(A12="","",IF(K12="Expired","Bin it",IF(K12="Use soon","Cook it",IF(O12="Low","Running low","Keep")))) -> 0
B13: =IF(A13="","",IFERROR(INDEX(Ingredients!$B$5:$B$304,MATCH(A13,Ingredients!$A$5:$A$304,0)),"")) -> 0 | H13: =IF(A13="","",IFERROR(INDEX(Ingredients!$M$5:$M$304,MATCH(A13,Ingredients!$A$5:$A$304,0)),"")) -> 0 | I13: =IF(OR(A13="",H13=""),"",IF(G13<>"",G13+H13,IF(F13<>"",F13+H13,""))) -> 0 | J13: =IF(OR(A13="",I13=""),"",I13-TODAY()) -> 0 | K13: =IF(A13="","",IF(J13="","No date",IF(J13<0,"Expired",IF(J13<=Expiry_Warning_Days,"Use soon","Fresh")))) -> 0 | L13: =IF(A13="","",COUNTIFS('Recipe Ingredients'!$B$5:$B$1204,A13)) -> 0 | M13: =IF(A13="","",IFERROR(INDEX(Ingredients!$X$5:$X$304,MATCH(A13,Ingredients!$A$5:$A$304,0)),"")) -> 0 | N13: =IF(OR(A13="",M13=""),"",IF(M13<1,MAX(0,1*IFERROR(IFERROR(INDEX(Ingredients!$U$5:$U$304,MATCH(A13,Ingredients!$A$5:$A$304,0)),""),0)-C13),0)) -> 0 | O13: =IF(A13="","",IF(M13="","",IF(M13<1,"Low","OK"))) -> 0 | P13: =IF(OR(A13="",C13=""),"",IFERROR(C13*IFERROR(INDEX(Ingredients!$D$5:$D$304,MATCH(A13,Ingredients!$A$5:$A$304,0)),""),"")) -> 0 | Q13: =IF(OR(E13<>"Fridge",J13=""),"",SUMPRODUCT(($E$5:$E$304="Fridge")*($J$5:$J$304<J13))+SUMPRODUCT(($E$5:$E$304="Fridge")*($J$5:$J$304=J13)*(ROW($J$5:$J$304)<ROW()))+1) -> 0 | R13: =IF(OR(E13<>"Freezer",J13=""),"",SUMPRODUCT(($E$5:$E$304="Freezer")*($J$5:$J$304<J13))+SUMPRODUCT(($E$5:$E$304="Freezer")*($J$5:$J$304=J13)*(ROW($J$5:$J$304)<ROW()))+1) -> 0 | Y13: =IF(A13="","",IF(K13="Expired","Bin it",IF(K13="Use soon","Cook it",IF(O13="Low","Running low","Keep")))) -> 0
B14: =IF(A14="","",IFERROR(INDEX(Ingredients!$B$5:$B$304,MATCH(A14,Ingredients!$A$5:$A$304,0)),"")) -> 0 | H14: =IF(A14="","",IFERROR(INDEX(Ingredients!$M$5:$M$304,MATCH(A14,Ingredients!$A$5:$A$304,0)),"")) -> 0 | I14: =IF(OR(A14="",H14=""),"",IF(G14<>"",G14+H14,IF(F14<>"",F14+H14,""))) -> 0 | J14: =IF(OR(A14="",I14=""),"",I14-TODAY()) -> 0 | K14: =IF(A14="","",IF(J14="","No date",IF(J14<0,"Expired",IF(J14<=Expiry_Warning_Days,"Use soon","Fresh")))) -> 0 | L14: =IF(A14="","",COUNTIFS('Recipe Ingredients'!$B$5:$B$1204,A14)) -> 0 | M14: =IF(A14="","",IFERROR(INDEX(Ingredients!$X$5:$X$304,MATCH(A14,Ingredients!$A$5:$A$304,0)),"")) -> 0 | N14: =IF(OR(A14="",M14=""),"",IF(M14<1,MAX(0,1*IFERROR(IFERROR(INDEX(Ingredients!$U$5:$U$304,MATCH(A14,Ingredients!$A$5:$A$304,0)),""),0)-C14),0)) -> 0 | O14: =IF(A14="","",IF(M14="","",IF(M14<1,"Low","OK"))) -> 0 | P14: =IF(OR(A14="",C14=""),"",IFERROR(C14*IFERROR(INDEX(Ingredients!$D$5:$D$304,MATCH(A14,Ingredients!$A$5:$A$304,0)),""),"")) -> 0 | Q14: =IF(OR(E14<>"Fridge",J14=""),"",SUMPRODUCT(($E$5:$E$304="Fridge")*($J$5:$J$304<J14))+SUMPRODUCT(($E$5:$E$304="Fridge")*($J$5:$J$304=J14)*(ROW($J$5:$J$304)<ROW()))+1) -> 0 | R14: =IF(OR(E14<>"Freezer",J14=""),"",SUMPRODUCT(($E$5:$E$304="Freezer")*($J$5:$J$304<J14))+SUMPRODUCT(($E$5:$E$304="Freezer")*($J$5:$J$304=J14)*(ROW($J$5:$J$304)<ROW()))+1) -> 0 | Y14: =IF(A14="","",IF(K14="Expired","Bin it",IF(K14="Use soon","Cook it",IF(O14="Low","Running low","Keep")))) -> 0
B15: =IF(A15="","",IFERROR(INDEX(Ingredients!$B$5:$B$304,MATCH(A15,Ingredients!$A$5:$A$304,0)),"")) -> 0 | H15: =IF(A15="","",IFERROR(INDEX(Ingredients!$M$5:$M$304,MATCH(A15,Ingredients!$A$5:$A$304,0)),"")) -> 0 | I15: =IF(OR(A15="",H15=""),"",IF(G15<>"",G15+H15,IF(F15<>"",F15+H15,""))) -> 0 | J15: =IF(OR(A15="",I15=""),"",I15-TODAY()) -> 0 | K15: =IF(A15="","",IF(J15="","No date",IF(J15<0,"Expired",IF(J15<=Expiry_Warning_Days,"Use soon","Fresh")))) -> 0 | L15: =IF(A15="","",COUNTIFS('Recipe Ingredients'!$B$5:$B$1204,A15)) -> 0 | M15: =IF(A15="","",IFERROR(INDEX(Ingredients!$X$5:$X$304,MATCH(A15,Ingredients!$A$5:$A$304,0)),"")) -> 0 | N15: =IF(OR(A15="",M15=""),"",IF(M15<1,MAX(0,1*IFERROR(IFERROR(INDEX(Ingredients!$U$5:$U$304,MATCH(A15,Ingredients!$A$5:$A$304,0)),""),0)-C15),0)) -> 0 | O15: =IF(A15="","",IF(M15="","",IF(M15<1,"Low","OK"))) -> 0 | P15: =IF(OR(A15="",C15=""),"",IFERROR(C15*IFERROR(INDEX(Ingredients!$D$5:$D$304,MATCH(A15,Ingredients!$A$5:$A$304,0)),""),"")) -> 0 | Q15: =IF(OR(E15<>"Fridge",J15=""),"",SUMPRODUCT(($E$5:$E$304="Fridge")*($J$5:$J$304<J15))+SUMPRODUCT(($E$5:$E$304="Fridge")*($J$5:$J$304=J15)*(ROW($J$5:$J$304)<ROW()))+1) -> 0 | R15: =IF(OR(E15<>"Freezer",J15=""),"",SUMPRODUCT(($E$5:$E$304="Freezer")*($J$5:$J$304<J15))+SUMPRODUCT(($E$5:$E$304="Freezer")*($J$5:$J$304=J15)*(ROW($J$5:$J$304)<ROW()))+1) -> 0 | Y15: =IF(A15="","",IF(K15="Expired","Bin it",IF(K15="Use soon","Cook it",IF(O15="Low","Running low","Keep")))) -> 0
B16: =IF(A16="","",IFERROR(INDEX(Ingredients!$B$5:$B$304,MATCH(A16,Ingredients!$A$5:$A$304,0)),"")) -> 0 | H16: =IF(A16="","",IFERROR(INDEX(Ingredients!$M$5:$M$304,MATCH(A16,Ingredients!$A$5:$A$304,0)),"")) -> 0 | I16: =IF(OR(A16="",H16=""),"",IF(G16<>"",G16+H16,IF(F16<>"",F16+H16,""))) -> 0 | J16: =IF(OR(A16="",I16=""),"",I16-TODAY()) -> 0 | K16: =IF(A16="","",IF(J16="","No date",IF(J16<0,"Expired",IF(J16<=Expiry_Warning_Days,"Use soon","Fresh")))) -> 0 | L16: =IF(A16="","",COUNTIFS('Recipe Ingredients'!$B$5:$B$1204,A16)) -> 0 | M16: =IF(A16="","",IFERROR(INDEX(Ingredients!$X$5:$X$304,MATCH(A16,Ingredients!$A$5:$A$304,0)),"")) -> 0 | N16: =IF(OR(A16="",M16=""),"",IF(M16<1,MAX(0,1*IFERROR(IFERROR(INDEX(Ingredients!$U$5:$U$304,MATCH(A16,Ingredients!$A$5:$A$304,0)),""),0)-C16),0)) -> 0 | O16: =IF(A16="","",IF(M16="","",IF(M16<1,"Low","OK"))) -> 0 | P16: =IF(OR(A16="",C16=""),"",IFERROR(C16*IFERROR(INDEX(Ingredients!$D$5:$D$304,MATCH(A16,Ingredients!$A$5:$A$304,0)),""),"")) -> 0 | Q16: =IF(OR(E16<>"Fridge",J16=""),"",SUMPRODUCT(($E$5:$E$304="Fridge")*($J$5:$J$304<J16))+SUMPRODUCT(($E$5:$E$304="Fridge")*($J$5:$J$304=J16)*(ROW($J$5:$J$304)<ROW()))+1) -> 0 | R16: =IF(OR(E16<>"Freezer",J16=""),"",SUMPRODUCT(($E$5:$E$304="Freezer")*($J$5:$J$304<J16))+SUMPRODUCT(($E$5:$E$304="Freezer")*($J$5:$J$304=J16)*(ROW($J$5:$J$304)<ROW()))+1) -> 0 | Y16: =IF(A16="","",IF(K16="Expired","Bin it",IF(K16="Use soon","Cook it",IF(O16="Low","Running low","Keep")))) -> 0
... B304: =IF(A304="","",IFERROR(INDEX(Ingredients!$B$5:$B$304,MATCH(A304,Ingredients!$A$5:$A$304,0)),"")) -> 0 | H304: =IF(A304="","",IFERROR(INDEX(Ingredients!$M$5:$M$304,MATCH(A304,Ingredients!$A$5:$A$304,0)),"")) -> 0 | I304: =IF(OR(A304="",H304=""),"",IF(G304<>"",G304+H304,IF(F304<>"",F304+H304,""))) -> 0 | J304: =IF(OR(A304="",I304=""),"",I304-TODAY()) -> 0 | K304: =IF(A304="","",IF(J304="","No date",IF(J304<0,"Expired",IF(J304<=Expiry_Warning_Days,"Use soon","Fresh")))) -> 0 | L304: =IF(A304="","",COUNTIFS('Recipe Ingredients'!$B$5:$B$1204,A304)) -> 0 | M304: =IF(A304="","",IFERROR(INDEX(Ingredients!$X$5:$X$304,MATCH(A304,Ingredients!$A$5:$A$304,0)),"")) -> 0 | N304: =IF(OR(A304="",M304=""),"",IF(M304<1,MAX(0,1*IFERROR(IFERROR(INDEX(Ingredients!$U$5:$U$304,MATCH(A304,Ingredients!$A$5:$A$304,0)),""),0)-C304),0)) -> 0 | O304: =IF(A304="","",IF(M304="","",IF(M304<1,"Low","OK"))) -> 0 | P304: =IF(OR(A304="",C304=""),"",IFERROR(C304*IFERROR(INDEX(Ingredients!$D$5:$D$304,MATCH(A304,Ingredients!$A$5:$A$304,0)),""),"")) -> 0 | Q304: =IF(OR(E304<>"Fridge",J304=""),"",SUMPRODUCT(($E$5:$E$304="Fridge")*($J$5:$J$304<J304))+SUMPRODUCT(($E$5:$E$304="Fridge")*($J$5:$J$304=J304)*(ROW($J$5:$J$304)<ROW()))+1) -> 0 | R304: =IF(OR(E304<>"Freezer",J304=""),"",SUMPRODUCT(($E$5:$E$304="Freezer")*($J$5:$J$304<J304))+SUMPRODUCT(($E$5:$E$304="Freezer")*($J$5:$J$304=J304)*(ROW($J$5:$J$304)<ROW()))+1) -> 0 | Y304: =IF(A304="","",IF(K304="Expired","Bin it",IF(K304="Use soon","Cook it",IF(O304="Low","Running low","Keep")))) -> 0

Sheet Staples
A4: Staple | B4: Category | C4: Unit | D4: Usual quantity | E4: Last bought | F4: Buy every (days) | G4: Days since | H4: Due | I4: Auto add | J4: Quantity to add | K4: Store | L4: Average price | M4: Last price | N4: Vs average | O4: In pantry | P4: On list | Q4: Urgency rank | R4: Status | S4: Notes
B5: =IF(A5="","",IFERROR(INDEX(Ingredients!$B$5:$B$304,MATCH(A5,Ingredients!$A$5:$A$304,0)),"")) -> 0 | G5: =IF(OR(A5="",E5=""),"",TODAY()-E5) -> 0 | H5: =IF(OR(A5="",G5="",F5=""),"",IF(G5>=F5,"Yes","No")) -> 0 | L5: =IF(A5="","",IFERROR(AVERAGEIFS('Grocery Spending'!$I$5:$I$404,'Grocery Spending'!$E$5:$E$404,A5),"")) -> 0 | M5: =IF(A5="","",IFERROR(AVERAGEIFS('Grocery Spending'!$I$5:$I$404,'Grocery Spending'!$E$5:$E$404,A5,'Grocery Spending'!$A$5:$A$404,SUMPRODUCT(MAX(('Grocery Spending'!$E$5:$E$404=A5)*'Grocery Spending'!$A$5:$A$404))),"")) -> 0 | N5: =IF(OR(A5="",M5="",L5=""),"",M5-L5) -> 0 | O5: =IF(A5="","",SUMIFS(Pantry!$C$5:$C$304,Pantry!$A$5:$A$304,A5)) -> 0 | P5: =IF(A5="","",COUNTIFS('Grocery List'!$A$5:$A$304,A5)) -> 0 | Q5: =IF(OR(A5="",G5=""),"",COUNTIFS($G$5:$G$104,">"&G5)+1) -> 0 | R5: =IF(A5="","",IF(H5="Yes","Buy this week",IF(O5<=0,"Out of stock","In stock"))) -> 0
B6: =IF(A6="","",IFERROR(INDEX(Ingredients!$B$5:$B$304,MATCH(A6,Ingredients!$A$5:$A$304,0)),"")) -> 0 | G6: =IF(OR(A6="",E6=""),"",TODAY()-E6) -> 0 | H6: =IF(OR(A6="",G6="",F6=""),"",IF(G6>=F6,"Yes","No")) -> 0 | L6: =IF(A6="","",IFERROR(AVERAGEIFS('Grocery Spending'!$I$5:$I$404,'Grocery Spending'!$E$5:$E$404,A6),"")) -> 0 | M6: =IF(A6="","",IFERROR(AVERAGEIFS('Grocery Spending'!$I$5:$I$404,'Grocery Spending'!$E$5:$E$404,A6,'Grocery Spending'!$A$5:$A$404,SUMPRODUCT(MAX(('Grocery Spending'!$E$5:$E$404=A6)*'Grocery Spending'!$A$5:$A$404))),"")) -> 0 | N6: =IF(OR(A6="",M6="",L6=""),"",M6-L6) -> 0 | O6: =IF(A6="","",SUMIFS(Pantry!$C$5:$C$304,Pantry!$A$5:$A$304,A6)) -> 0 | P6: =IF(A6="","",COUNTIFS('Grocery List'!$A$5:$A$304,A6)) -> 0 | Q6: =IF(OR(A6="",G6=""),"",COUNTIFS($G$5:$G$104,">"&G6)+1) -> 0 | R6: =IF(A6="","",IF(H6="Yes","Buy this week",IF(O6<=0,"Out of stock","In stock"))) -> 0
B7: =IF(A7="","",IFERROR(INDEX(Ingredients!$B$5:$B$304,MATCH(A7,Ingredients!$A$5:$A$304,0)),"")) -> 0 | G7: =IF(OR(A7="",E7=""),"",TODAY()-E7) -> 0 | H7: =IF(OR(A7="",G7="",F7=""),"",IF(G7>=F7,"Yes","No")) -> 0 | L7: =IF(A7="","",IFERROR(AVERAGEIFS('Grocery Spending'!$I$5:$I$404,'Grocery Spending'!$E$5:$E$404,A7),"")) -> 0 | M7: =IF(A7="","",IFERROR(AVERAGEIFS('Grocery Spending'!$I$5:$I$404,'Grocery Spending'!$E$5:$E$404,A7,'Grocery Spending'!$A$5:$A$404,SUMPRODUCT(MAX(('Grocery Spending'!$E$5:$E$404=A7)*'Grocery Spending'!$A$5:$A$404))),"")) -> 0 | N7: =IF(OR(A7="",M7="",L7=""),"",M7-L7) -> 0 | O7: =IF(A7="","",SUMIFS(Pantry!$C$5:$C$304,Pantry!$A$5:$A$304,A7)) -> 0 | P7: =IF(A7="","",COUNTIFS('Grocery List'!$A$5:$A$304,A7)) -> 0 | Q7: =IF(OR(A7="",G7=""),"",COUNTIFS($G$5:$G$104,">"&G7)+1) -> 0 | R7: =IF(A7="","",IF(H7="Yes","Buy this week",IF(O7<=0,"Out of stock","In stock"))) -> 0
B8: =IF(A8="","",IFERROR(INDEX(Ingredients!$B$5:$B$304,MATCH(A8,Ingredients!$A$5:$A$304,0)),"")) -> 0 | G8: =IF(OR(A8="",E8=""),"",TODAY()-E8) -> 0 | H8: =IF(OR(A8="",G8="",F8=""),"",IF(G8>=F8,"Yes","No")) -> 0 | L8: =IF(A8="","",IFERROR(AVERAGEIFS('Grocery Spending'!$I$5:$I$404,'Grocery Spending'!$E$5:$E$404,A8),"")) -> 0 | M8: =IF(A8="","",IFERROR(AVERAGEIFS('Grocery Spending'!$I$5:$I$404,'Grocery Spending'!$E$5:$E$404,A8,'Grocery Spending'!$A$5:$A$404,SUMPRODUCT(MAX(('Grocery Spending'!$E$5:$E$404=A8)*'Grocery Spending'!$A$5:$A$404))),"")) -> 0 | N8: =IF(OR(A8="",M8="",L8=""),"",M8-L8) -> 0 | O8: =IF(A8="","",SUMIFS(Pantry!$C$5:$C$304,Pantry!$A$5:$A$304,A8)) -> 0 | P8: =IF(A8="","",COUNTIFS('Grocery List'!$A$5:$A$304,A8)) -> 0 | Q8: =IF(OR(A8="",G8=""),"",COUNTIFS($G$5:$G$104,">"&G8)+1) -> 0 | R8: =IF(A8="","",IF(H8="Yes","Buy this week",IF(O8<=0,"Out of stock","In stock"))) -> 0
B9: =IF(A9="","",IFERROR(INDEX(Ingredients!$B$5:$B$304,MATCH(A9,Ingredients!$A$5:$A$304,0)),"")) -> 0 | G9: =IF(OR(A9="",E9=""),"",TODAY()-E9) -> 0 | H9: =IF(OR(A9="",G9="",F9=""),"",IF(G9>=F9,"Yes","No")) -> 0 | L9: =IF(A9="","",IFERROR(AVERAGEIFS('Grocery Spending'!$I$5:$I$404,'Grocery Spending'!$E$5:$E$404,A9),"")) -> 0 | M9: =IF(A9="","",IFERROR(AVERAGEIFS('Grocery Spending'!$I$5:$I$404,'Grocery Spending'!$E$5:$E$404,A9,'Grocery Spending'!$A$5:$A$404,SUMPRODUCT(MAX(('Grocery Spending'!$E$5:$E$404=A9)*'Grocery Spending'!$A$5:$A$404))),"")) -> 0 | N9: =IF(OR(A9="",M9="",L9=""),"",M9-L9) -> 0 | O9: =IF(A9="","",SUMIFS(Pantry!$C$5:$C$304,Pantry!$A$5:$A$304,A9)) -> 0 | P9: =IF(A9="","",COUNTIFS('Grocery List'!$A$5:$A$304,A9)) -> 0 | Q9: =IF(OR(A9="",G9=""),"",COUNTIFS($G$5:$G$104,">"&G9)+1) -> 0 | R9: =IF(A9="","",IF(H9="Yes","Buy this week",IF(O9<=0,"Out of stock","In stock"))) -> 0
B10: =IF(A10="","",IFERROR(INDEX(Ingredients!$B$5:$B$304,MATCH(A10,Ingredients!$A$5:$A$304,0)),"")) -> 0 | G10: =IF(OR(A10="",E10=""),"",TODAY()-E10) -> 0 | H10: =IF(OR(A10="",G10="",F10=""),"",IF(G10>=F10,"Yes","No")) -> 0 | L10: =IF(A10="","",IFERROR(AVERAGEIFS('Grocery Spending'!$I$5:$I$404,'Grocery Spending'!$E$5:$E$404,A10),"")) -> 0 | M10: =IF(A10="","",IFERROR(AVERAGEIFS('Grocery Spending'!$I$5:$I$404,'Grocery Spending'!$E$5:$E$404,A10,'Grocery Spending'!$A$5:$A$404,SUMPRODUCT(MAX(('Grocery Spending'!$E$5:$E$404=A10)*'Grocery Spending'!$A$5:$A$404))),"")) -> 0 | N10: =IF(OR(A10="",M10="",L10=""),"",M10-L10) -> 0 | O10: =IF(A10="","",SUMIFS(Pantry!$C$5:$C$304,Pantry!$A$5:$A$304,A10)) -> 0 | P10: =IF(A10="","",COUNTIFS('Grocery List'!$A$5:$A$304,A10)) -> 0 | Q10: =IF(OR(A10="",G10=""),"",COUNTIFS($G$5:$G$104,">"&G10)+1) -> 0 | R10: =IF(A10="","",IF(H10="Yes","Buy this week",IF(O10<=0,"Out of stock","In stock"))) -> 0
B11: =IF(A11="","",IFERROR(INDEX(Ingredients!$B$5:$B$304,MATCH(A11,Ingredients!$A$5:$A$304,0)),"")) -> 0 | G11: =IF(OR(A11="",E11=""),"",TODAY()-E11) -> 0 | H11: =IF(OR(A11="",G11="",F11=""),"",IF(G11>=F11,"Yes","No")) -> 0 | L11: =IF(A11="","",IFERROR(AVERAGEIFS('Grocery Spending'!$I$5:$I$404,'Grocery Spending'!$E$5:$E$404,A11),"")) -> 0 | M11: =IF(A11="","",IFERROR(AVERAGEIFS('Grocery Spending'!$I$5:$I$404,'Grocery Spending'!$E$5:$E$404,A11,'Grocery Spending'!$A$5:$A$404,SUMPRODUCT(MAX(('Grocery Spending'!$E$5:$E$404=A11)*'Grocery Spending'!$A$5:$A$404))),"")) -> 0 | N11: =IF(OR(A11="",M11="",L11=""),"",M11-L11) -> 0 | O11: =IF(A11="","",SUMIFS(Pantry!$C$5:$C$304,Pantry!$A$5:$A$304,A11)) -> 0 | P11: =IF(A11="","",COUNTIFS('Grocery List'!$A$5:$A$304,A11)) -> 0 | Q11: =IF(OR(A11="",G11=""),"",COUNTIFS($G$5:$G$104,">"&G11)+1) -> 0 | R11: =IF(A11="","",IF(H11="Yes","Buy this week",IF(O11<=0,"Out of stock","In stock"))) -> 0
B12: =IF(A12="","",IFERROR(INDEX(Ingredients!$B$5:$B$304,MATCH(A12,Ingredients!$A$5:$A$304,0)),"")) -> 0 | G12: =IF(OR(A12="",E12=""),"",TODAY()-E12) -> 0 | H12: =IF(OR(A12="",G12="",F12=""),"",IF(G12>=F12,"Yes","No")) -> 0 | L12: =IF(A12="","",IFERROR(AVERAGEIFS('Grocery Spending'!$I$5:$I$404,'Grocery Spending'!$E$5:$E$404,A12),"")) -> 0 | M12: =IF(A12="","",IFERROR(AVERAGEIFS('Grocery Spending'!$I$5:$I$404,'Grocery Spending'!$E$5:$E$404,A12,'Grocery Spending'!$A$5:$A$404,SUMPRODUCT(MAX(('Grocery Spending'!$E$5:$E$404=A12)*'Grocery Spending'!$A$5:$A$404))),"")) -> 0 | N12: =IF(OR(A12="",M12="",L12=""),"",M12-L12) -> 0 | O12: =IF(A12="","",SUMIFS(Pantry!$C$5:$C$304,Pantry!$A$5:$A$304,A12)) -> 0 | P12: =IF(A12="","",COUNTIFS('Grocery List'!$A$5:$A$304,A12)) -> 0 | Q12: =IF(OR(A12="",G12=""),"",COUNTIFS($G$5:$G$104,">"&G12)+1) -> 0 | R12: =IF(A12="","",IF(H12="Yes","Buy this week",IF(O12<=0,"Out of stock","In stock"))) -> 0
B13: =IF(A13="","",IFERROR(INDEX(Ingredients!$B$5:$B$304,MATCH(A13,Ingredients!$A$5:$A$304,0)),"")) -> 0 | G13: =IF(OR(A13="",E13=""),"",TODAY()-E13) -> 0 | H13: =IF(OR(A13="",G13="",F13=""),"",IF(G13>=F13,"Yes","No")) -> 0 | L13: =IF(A13="","",IFERROR(AVERAGEIFS('Grocery Spending'!$I$5:$I$404,'Grocery Spending'!$E$5:$E$404,A13),"")) -> 0 | M13: =IF(A13="","",IFERROR(AVERAGEIFS('Grocery Spending'!$I$5:$I$404,'Grocery Spending'!$E$5:$E$404,A13,'Grocery Spending'!$A$5:$A$404,SUMPRODUCT(MAX(('Grocery Spending'!$E$5:$E$404=A13)*'Grocery Spending'!$A$5:$A$404))),"")) -> 0 | N13: =IF(OR(A13="",M13="",L13=""),"",M13-L13) -> 0 | O13: =IF(A13="","",SUMIFS(Pantry!$C$5:$C$304,Pantry!$A$5:$A$304,A13)) -> 0 | P13: =IF(A13="","",COUNTIFS('Grocery List'!$A$5:$A$304,A13)) -> 0 | Q13: =IF(OR(A13="",G13=""),"",COUNTIFS($G$5:$G$104,">"&G13)+1) -> 0 | R13: =IF(A13="","",IF(H13="Yes","Buy this week",IF(O13<=0,"Out of stock","In stock"))) -> 0
B14: =IF(A14="","",IFERROR(INDEX(Ingredients!$B$5:$B$304,MATCH(A14,Ingredients!$A$5:$A$304,0)),"")) -> 0 | G14: =IF(OR(A14="",E14=""),"",TODAY()-E14) -> 0 | H14: =IF(OR(A14="",G14="",F14=""),"",IF(G14>=F14,"Yes","No")) -> 0 | L14: =IF(A14="","",IFERROR(AVERAGEIFS('Grocery Spending'!$I$5:$I$404,'Grocery Spending'!$E$5:$E$404,A14),"")) -> 0 | M14: =IF(A14="","",IFERROR(AVERAGEIFS('Grocery Spending'!$I$5:$I$404,'Grocery Spending'!$E$5:$E$404,A14,'Grocery Spending'!$A$5:$A$404,SUMPRODUCT(MAX(('Grocery Spending'!$E$5:$E$404=A14)*'Grocery Spending'!$A$5:$A$404))),"")) -> 0 | N14: =IF(OR(A14="",M14="",L14=""),"",M14-L14) -> 0 | O14: =IF(A14="","",SUMIFS(Pantry!$C$5:$C$304,Pantry!$A$5:$A$304,A14)) -> 0 | P14: =IF(A14="","",COUNTIFS('Grocery List'!$A$5:$A$304,A14)) -> 0 | Q14: =IF(OR(A14="",G14=""),"",COUNTIFS($G$5:$G$104,">"&G14)+1) -> 0 | R14: =IF(A14="","",IF(H14="Yes","Buy this week",IF(O14<=0,"Out of stock","In stock"))) -> 0
B15: =IF(A15="","",IFERROR(INDEX(Ingredients!$B$5:$B$304,MATCH(A15,Ingredients!$A$5:$A$304,0)),"")) -> 0 | G15: =IF(OR(A15="",E15=""),"",TODAY()-E15) -> 0 | H15: =IF(OR(A15="",G15="",F15=""),"",IF(G15>=F15,"Yes","No")) -> 0 | L15: =IF(A15="","",IFERROR(AVERAGEIFS('Grocery Spending'!$I$5:$I$404,'Grocery Spending'!$E$5:$E$404,A15),"")) -> 0 | M15: =IF(A15="","",IFERROR(AVERAGEIFS('Grocery Spending'!$I$5:$I$404,'Grocery Spending'!$E$5:$E$404,A15,'Grocery Spending'!$A$5:$A$404,SUMPRODUCT(MAX(('Grocery Spending'!$E$5:$E$404=A15)*'Grocery Spending'!$A$5:$A$404))),"")) -> 0 | N15: =IF(OR(A15="",M15="",L15=""),"",M15-L15) -> 0 | O15: =IF(A15="","",SUMIFS(Pantry!$C$5:$C$304,Pantry!$A$5:$A$304,A15)) -> 0 | P15: =IF(A15="","",COUNTIFS('Grocery List'!$A$5:$A$304,A15)) -> 0 | Q15: =IF(OR(A15="",G15=""),"",COUNTIFS($G$5:$G$104,">"&G15)+1) -> 0 | R15: =IF(A15="","",IF(H15="Yes","Buy this week",IF(O15<=0,"Out of stock","In stock"))) -> 0
B16: =IF(A16="","",IFERROR(INDEX(Ingredients!$B$5:$B$304,MATCH(A16,Ingredients!$A$5:$A$304,0)),"")) -> 0 | G16: =IF(OR(A16="",E16=""),"",TODAY()-E16) -> 0 | H16: =IF(OR(A16="",G16="",F16=""),"",IF(G16>=F16,"Yes","No")) -> 0 | L16: =IF(A16="","",IFERROR(AVERAGEIFS('Grocery Spending'!$I$5:$I$404,'Grocery Spending'!$E$5:$E$404,A16),"")) -> 0 | M16: =IF(A16="","",IFERROR(AVERAGEIFS('Grocery Spending'!$I$5:$I$404,'Grocery Spending'!$E$5:$E$404,A16,'Grocery Spending'!$A$5:$A$404,SUMPRODUCT(MAX(('Grocery Spending'!$E$5:$E$404=A16)*'Grocery Spending'!$A$5:$A$404))),"")) -> 0 | N16: =IF(OR(A16="",M16="",L16=""),"",M16-L16) -> 0 | O16: =IF(A16="","",SUMIFS(Pantry!$C$5:$C$304,Pantry!$A$5:$A$304,A16)) -> 0 | P16: =IF(A16="","",COUNTIFS('Grocery List'!$A$5:$A$304,A16)) -> 0 | Q16: =IF(OR(A16="",G16=""),"",COUNTIFS($G$5:$G$104,">"&G16)+1) -> 0 | R16: =IF(A16="","",IF(H16="Yes","Buy this week",IF(O16<=0,"Out of stock","In stock"))) -> 0
... B104: =IF(A104="","",IFERROR(INDEX(Ingredients!$B$5:$B$304,MATCH(A104,Ingredients!$A$5:$A$304,0)),"")) -> 0 | G104: =IF(OR(A104="",E104=""),"",TODAY()-E104) -> 0 | H104: =IF(OR(A104="",G104="",F104=""),"",IF(G104>=F104,"Yes","No")) -> 0 | L104: =IF(A104="","",IFERROR(AVERAGEIFS('Grocery Spending'!$I$5:$I$404,'Grocery Spending'!$E$5:$E$404,A104),"")) -> 0 | M104: =IF(A104="","",IFERROR(AVERAGEIFS('Grocery Spending'!$I$5:$I$404,'Grocery Spending'!$E$5:$E$404,A104,'Grocery Spending'!$A$5:$A$404,SUMPRODUCT(MAX(('Grocery Spending'!$E$5:$E$404=A104)*'Grocery Spending'!$A$5:$A$404))),"")) -> 0 | N104: =IF(OR(A104="",M104="",L104=""),"",M104-L104) -> 0 | O104: =IF(A104="","",SUMIFS(Pantry!$C$5:$C$304,Pantry!$A$5:$A$304,A104)) -> 0 | P104: =IF(A104="","",COUNTIFS('Grocery List'!$A$5:$A$304,A104)) -> 0 | Q104: =IF(OR(A104="",G104=""),"",COUNTIFS($G$5:$G$104,">"&G104)+1) -> 0 | R104: =IF(A104="","",IF(H104="Yes","Buy this week",IF(O104<=0,"Out of stock","In stock"))) -> 0

Sheet Leftovers
A4: Batch ID | B4: What it is | C4: From recipe | D4: Cooked | E4: Portions | F4: Storage | G4: Fridge use by | H4: Freezer use by | I4: Days left | J4: Status | K4: Value | L4: Queue rank | M4: Flag | N4: Portions left | O4: Eaten up | P4: Binned | Q4: Container | R4: Reheats left | S4: Notes
G5: =IF(OR(A5="",D5=""),"",D5+Leftover_Safe_Days) -> 0 | H5: =IF(OR(A5="",D5=""),"",D5+Freezer_Review_Days) -> 0 | I5: =IF(OR(A5="",D5=""),"",IF(F5="Freezer",H5-TODAY(),G5-TODAY())) -> 0 | J5: =IF(A5="","",IF(P5="Yes","Binned",IF(O5="Yes","Eaten",IF(I5="","",IF(I5<0,"Past its best",IF(I5<=1,"Eat today",IF(I5<=3,"Eat this week","Keep"))))))) -> 0 | K5: =IF(OR(A5="",E5=""),"",IFERROR(E5*IFERROR(INDEX(Recipes!$Q$5:$Q$204,MATCH(C5,Recipes!$A$5:$A$204,0)),""),"")) -> 0 | L5: =IF(OR(A5="",I5=""),"",COUNTIFS($I$5:$I$124,"<"&I5)+1) -> 0 | M5: =IF(A5="","",IF(I5="","",IF(I5<0,"Bin it",IF(I5<=Expiry_Warning_Days,"Use it or lose it","")))) -> 0
G6: =IF(OR(A6="",D6=""),"",D6+Leftover_Safe_Days) -> 0 | H6: =IF(OR(A6="",D6=""),"",D6+Freezer_Review_Days) -> 0 | I6: =IF(OR(A6="",D6=""),"",IF(F6="Freezer",H6-TODAY(),G6-TODAY())) -> 0 | J6: =IF(A6="","",IF(P6="Yes","Binned",IF(O6="Yes","Eaten",IF(I6="","",IF(I6<0,"Past its best",IF(I6<=1,"Eat today",IF(I6<=3,"Eat this week","Keep"))))))) -> 0 | K6: =IF(OR(A6="",E6=""),"",IFERROR(E6*IFERROR(INDEX(Recipes!$Q$5:$Q$204,MATCH(C6,Recipes!$A$5:$A$204,0)),""),"")) -> 0 | L6: =IF(OR(A6="",I6=""),"",COUNTIFS($I$5:$I$124,"<"&I6)+1) -> 0 | M6: =IF(A6="","",IF(I6="","",IF(I6<0,"Bin it",IF(I6<=Expiry_Warning_Days,"Use it or lose it","")))) -> 0
G7: =IF(OR(A7="",D7=""),"",D7+Leftover_Safe_Days) -> 0 | H7: =IF(OR(A7="",D7=""),"",D7+Freezer_Review_Days) -> 0 | I7: =IF(OR(A7="",D7=""),"",IF(F7="Freezer",H7-TODAY(),G7-TODAY())) -> 0 | J7: =IF(A7="","",IF(P7="Yes","Binned",IF(O7="Yes","Eaten",IF(I7="","",IF(I7<0,"Past its best",IF(I7<=1,"Eat today",IF(I7<=3,"Eat this week","Keep"))))))) -> 0 | K7: =IF(OR(A7="",E7=""),"",IFERROR(E7*IFERROR(INDEX(Recipes!$Q$5:$Q$204,MATCH(C7,Recipes!$A$5:$A$204,0)),""),"")) -> 0 | L7: =IF(OR(A7="",I7=""),"",COUNTIFS($I$5:$I$124,"<"&I7)+1) -> 0 | M7: =IF(A7="","",IF(I7="","",IF(I7<0,"Bin it",IF(I7<=Expiry_Warning_Days,"Use it or lose it","")))) -> 0
G8: =IF(OR(A8="",D8=""),"",D8+Leftover_Safe_Days) -> 0 | H8: =IF(OR(A8="",D8=""),"",D8+Freezer_Review_Days) -> 0 | I8: =IF(OR(A8="",D8=""),"",IF(F8="Freezer",H8-TODAY(),G8-TODAY())) -> 0 | J8: =IF(A8="","",IF(P8="Yes","Binned",IF(O8="Yes","Eaten",IF(I8="","",IF(I8<0,"Past its best",IF(I8<=1,"Eat today",IF(I8<=3,"Eat this week","Keep"))))))) -> 0 | K8: =IF(OR(A8="",E8=""),"",IFERROR(E8*IFERROR(INDEX(Recipes!$Q$5:$Q$204,MATCH(C8,Recipes!$A$5:$A$204,0)),""),"")) -> 0 | L8: =IF(OR(A8="",I8=""),"",COUNTIFS($I$5:$I$124,"<"&I8)+1) -> 0 | M8: =IF(A8="","",IF(I8="","",IF(I8<0,"Bin it",IF(I8<=Expiry_Warning_Days,"Use it or lose it","")))) -> 0
G9: =IF(OR(A9="",D9=""),"",D9+Leftover_Safe_Days) -> 0 | H9: =IF(OR(A9="",D9=""),"",D9+Freezer_Review_Days) -> 0 | I9: =IF(OR(A9="",D9=""),"",IF(F9="Freezer",H9-TODAY(),G9-TODAY())) -> 0 | J9: =IF(A9="","",IF(P9="Yes","Binned",IF(O9="Yes","Eaten",IF(I9="","",IF(I9<0,"Past its best",IF(I9<=1,"Eat today",IF(I9<=3,"Eat this week","Keep"))))))) -> 0 | K9: =IF(OR(A9="",E9=""),"",IFERROR(E9*IFERROR(INDEX(Recipes!$Q$5:$Q$204,MATCH(C9,Recipes!$A$5:$A$204,0)),""),"")) -> 0 | L9: =IF(OR(A9="",I9=""),"",COUNTIFS($I$5:$I$124,"<"&I9)+1) -> 0 | M9: =IF(A9="","",IF(I9="","",IF(I9<0,"Bin it",IF(I9<=Expiry_Warning_Days,"Use it or lose it","")))) -> 0
G10: =IF(OR(A10="",D10=""),"",D10+Leftover_Safe_Days) -> 0 | H10: =IF(OR(A10="",D10=""),"",D10+Freezer_Review_Days) -> 0 | I10: =IF(OR(A10="",D10=""),"",IF(F10="Freezer",H10-TODAY(),G10-TODAY())) -> 0 | J10: =IF(A10="","",IF(P10="Yes","Binned",IF(O10="Yes","Eaten",IF(I10="","",IF(I10<0,"Past its best",IF(I10<=1,"Eat today",IF(I10<=3,"Eat this week","Keep"))))))) -> 0 | K10: =IF(OR(A10="",E10=""),"",IFERROR(E10*IFERROR(INDEX(Recipes!$Q$5:$Q$204,MATCH(C10,Recipes!$A$5:$A$204,0)),""),"")) -> 0 | L10: =IF(OR(A10="",I10=""),"",COUNTIFS($I$5:$I$124,"<"&I10)+1) -> 0 | M10: =IF(A10="","",IF(I10="","",IF(I10<0,"Bin it",IF(I10<=Expiry_Warning_Days,"Use it or lose it","")))) -> 0
G11: =IF(OR(A11="",D11=""),"",D11+Leftover_Safe_Days) -> 0 | H11: =IF(OR(A11="",D11=""),"",D11+Freezer_Review_Days) -> 0 | I11: =IF(OR(A11="",D11=""),"",IF(F11="Freezer",H11-TODAY(),G11-TODAY())) -> 0 | J11: =IF(A11="","",IF(P11="Yes","Binned",IF(O11="Yes","Eaten",IF(I11="","",IF(I11<0,"Past its best",IF(I11<=1,"Eat today",IF(I11<=3,"Eat this week","Keep"))))))) -> 0 | K11: =IF(OR(A11="",E11=""),"",IFERROR(E11*IFERROR(INDEX(Recipes!$Q$5:$Q$204,MATCH(C11,Recipes!$A$5:$A$204,0)),""),"")) -> 0 | L11: =IF(OR(A11="",I11=""),"",COUNTIFS($I$5:$I$124,"<"&I11)+1) -> 0 | M11: =IF(A11="","",IF(I11="","",IF(I11<0,"Bin it",IF(I11<=Expiry_Warning_Days,"Use it or lose it","")))) -> 0
G12: =IF(OR(A12="",D12=""),"",D12+Leftover_Safe_Days) -> 0 | H12: =IF(OR(A12="",D12=""),"",D12+Freezer_Review_Days) -> 0 | I12: =IF(OR(A12="",D12=""),"",IF(F12="Freezer",H12-TODAY(),G12-TODAY())) -> 0 | J12: =IF(A12="","",IF(P12="Yes","Binned",IF(O12="Yes","Eaten",IF(I12="","",IF(I12<0,"Past its best",IF(I12<=1,"Eat today",IF(I12<=3,"Eat this week","Keep"))))))) -> 0 | K12: =IF(OR(A12="",E12=""),"",IFERROR(E12*IFERROR(INDEX(Recipes!$Q$5:$Q$204,MATCH(C12,Recipes!$A$5:$A$204,0)),""),"")) -> 0 | L12: =IF(OR(A12="",I12=""),"",COUNTIFS($I$5:$I$124,"<"&I12)+1) -> 0 | M12: =IF(A12="","",IF(I12="","",IF(I12<0,"Bin it",IF(I12<=Expiry_Warning_Days,"Use it or lose it","")))) -> 0
G13: =IF(OR(A13="",D13=""),"",D13+Leftover_Safe_Days) -> 0 | H13: =IF(OR(A13="",D13=""),"",D13+Freezer_Review_Days) -> 0 | I13: =IF(OR(A13="",D13=""),"",IF(F13="Freezer",H13-TODAY(),G13-TODAY())) -> 0 | J13: =IF(A13="","",IF(P13="Yes","Binned",IF(O13="Yes","Eaten",IF(I13="","",IF(I13<0,"Past its best",IF(I13<=1,"Eat today",IF(I13<=3,"Eat this week","Keep"))))))) -> 0 | K13: =IF(OR(A13="",E13=""),"",IFERROR(E13*IFERROR(INDEX(Recipes!$Q$5:$Q$204,MATCH(C13,Recipes!$A$5:$A$204,0)),""),"")) -> 0 | L13: =IF(OR(A13="",I13=""),"",COUNTIFS($I$5:$I$124,"<"&I13)+1) -> 0 | M13: =IF(A13="","",IF(I13="","",IF(I13<0,"Bin it",IF(I13<=Expiry_Warning_Days,"Use it or lose it","")))) -> 0
